{"M":639999458,"N":22744080,"convert-time":6087.80908203125,"graph_name":"arabic-2005.rand","run-time":2408.671240234375,"sort-time":85785.0}
