{"M":639999458,"N":22744080,"convert-time":6935.20068359375,"graph_name":"arabic-2005.edgeW3","run-time":10547.55634765625,"sort-time":161068.25}
