{"M":631153669,"N":22744080,"convert-time":9434.5673828125,"graph_name":"arabic-2005.gorder","run-time":1275.3398803710938,"sort-time":0.0}
