{"M":631153669,"N":22744080,"convert-time":5986.84033203125,"graph_name":"arabic-2005.hub","run-time":1160.4523071289063,"sort-time":62651.55078125}
