{"M":631153669,"N":22744080,"convert-time":6263.42724609375,"graph_name":"arabic-2005.chub","run-time":1601.853759765625,"sort-time":55996.375}
