{"M":639999458,"N":22744080,"convert-time":6905.62255859375,"graph_name":"arabic-2005.rand","run-time":10483.32060546875,"sort-time":123175.7265625}
