{"M":639999458,"N":22744080,"convert-time":6167.24072265625,"graph_name":"arabic-2005.mtx.RCM","run-time":1129.5278198242188,"sort-time":57475.98046875}
