{"M":639999458,"N":22744080,"convert-time":21075.830078125,"graph_name":"arabic-2005.deg","run-time":1433.8615356445312,"sort-time":0.0}
