{"M":639999458,"N":22744080,"convert-time":6917.7998046875,"graph_name":"arabic-2005.mtx.RCM","run-time":1576.85537109375,"sort-time":92235.6953125}
