{"M":639999458,"N":22744080,"convert-time":6033.63134765625,"graph_name":"arabic-2005.deg","run-time":1165.59892578125,"sort-time":56858.1015625}
