{"M":631153669,"N":22744080,"convert-time":6155.130859375,"graph_name":"arabic-2005.gorder","run-time":637.4945739746094,"sort-time":51148.7421875}
