{"M":639999458,"N":22744080,"convert-time":54602.83984375,"graph_name":"arabic-2005.rand","run-time":11130.9755859375,"sort-time":0.0}
