{"M":631153669,"N":22744080,"convert-time":8349.115234375,"graph_name":"arabic-2005.hub","run-time":4596.523095703125,"sort-time":0.0}
