{"M":639999458,"N":22744080,"convert-time":18187.294921875,"graph_name":"arabic-2005.mtx.RCM","run-time":2024.0834716796876,"sort-time":0.0010000000474974513}
