{"M":639999458,"N":22744080,"convert-time":6054.2646484375,"graph_name":"arabic-2005.edgeW3","run-time":2408.0238525390623,"sort-time":127413.3828125}
