{"M":631153669,"N":22744080,"convert-time":6633.45654296875,"graph_name":"arabic-2005.chub","run-time":8863.3751953125,"sort-time":90032.5625}
