{"M":1955352,"N":299067,"convert-time":17.115135192871094,"graph_name":"coAuthorsDBLP.rand","run-time":3.4849792242050173,"sort-time":169.30099487304688}
