{"M":1628268,"N":227320,"convert-time":10.059776306152344,"graph_name":"coAuthorsCiteseer.mtx.RCM","run-time":3.112710404396057,"sort-time":135.81619262695313}
