{"M":1955352,"N":299067,"convert-time":17.060863494873047,"graph_name":"coAuthorsDBLP.deg","run-time":7.868928050994873,"sort-time":80.3768310546875}
