{"M":1955352,"N":299067,"convert-time":17.092607498168945,"graph_name":"coAuthorsDBLP.hub","run-time":7.946342420578003,"sort-time":83.4334716796875}
