{"M":1628268,"N":227320,"convert-time":14.28377628326416,"graph_name":"coAuthorsCiteseer.rand","run-time":3.124019169807434,"sort-time":135.3605194091797}
