{"M":1628268,"N":227320,"convert-time":14.109696388244629,"graph_name":"coAuthorsCiteseer.edgeW3","run-time":3.4647040128707887,"sort-time":96.753662109375}
