{"M":1955352,"N":299067,"convert-time":12.210176467895508,"graph_name":"coAuthorsDBLP.chub","run-time":3.678204822540283,"sort-time":135.93702697753906}
