{"M":1955352,"N":299067,"convert-time":14.38310432434082,"graph_name":"coAuthorsDBLP.edgeW3","run-time":3.610899233818054,"sort-time":236.14157104492188}
