{"M":1628268,"N":227320,"convert-time":14.46399974822998,"graph_name":"coAuthorsCiteseer.mtx.RCM","run-time":3.3369088172912598,"sort-time":86.55359649658203}
