{"M":1955352,"N":299067,"convert-time":17.062911987304688,"graph_name":"coAuthorsDBLP.edgeW3","run-time":4.947865581512451,"sort-time":129.3096923828125}
