{"M":1628268,"N":227320,"convert-time":13.896703720092773,"graph_name":"coAuthorsCiteseer.deg","run-time":6.94333438873291,"sort-time":67.38432312011719}
