{"M":1628268,"N":227320,"convert-time":9.710592269897461,"graph_name":"coAuthorsCiteseer.hub","run-time":3.1014975786209105,"sort-time":119.4629135131836}
