{"M":1955352,"N":299067,"convert-time":17.01785659790039,"graph_name":"coAuthorsDBLP.mtx.RCM","run-time":3.677011179924011,"sort-time":173.2464599609375}
