{"M":1955352,"N":299067,"convert-time":16.81920051574707,"graph_name":"coAuthorsDBLP.gorder","run-time":5.49683198928833,"sort-time":64.20992279052734}
