{"M":1955352,"N":299067,"convert-time":16.949247360229492,"graph_name":"coAuthorsDBLP.mtx.RCM","run-time":5.105152034759522,"sort-time":114.95833587646484}
