{"M":1628268,"N":227320,"convert-time":9.773056030273438,"graph_name":"coAuthorsCiteseer.edgeW3","run-time":3.1670527935028074,"sort-time":165.65863037109375}
