{"M":1628268,"N":227320,"convert-time":17.131519317626953,"graph_name":"coAuthorsCiteseer.rand","run-time":2.950054383277893,"sort-time":194.02239990234375}
