{"M":1955352,"N":299067,"convert-time":12.468223571777344,"graph_name":"coAuthorsDBLP.deg","run-time":3.6891711950302124,"sort-time":165.02374267578125}
