{"M":1628268,"N":227320,"convert-time":10.085375785827637,"graph_name":"coAuthorsCiteseer.chub","run-time":3.1931520223617555,"sort-time":108.6382064819336}
