{"M":1628268,"N":227320,"convert-time":11.387904167175293,"graph_name":"coAuthorsCiteseer.deg","run-time":3.29365758895874,"sort-time":139.47596740722656}
