{"M":1955352,"N":299067,"convert-time":17.05881690979004,"graph_name":"coAuthorsDBLP.chub","run-time":3.6934656143188476,"sort-time":73.238525390625}
