{"M":1628268,"N":227320,"convert-time":14.163968086242676,"graph_name":"coAuthorsCiteseer.chub","run-time":3.4603007793426515,"sort-time":60.937217712402344}
