{"M":1628268,"N":227320,"convert-time":14.181376457214355,"graph_name":"coAuthorsCiteseer.gorder","run-time":4.525977659225464,"sort-time":54.0579833984375}
