{"M":1628268,"N":227320,"convert-time":14.07590389251709,"graph_name":"coAuthorsCiteseer.hub","run-time":6.926028823852539,"sort-time":68.46259307861328}
