{"M":1955352,"N":299067,"convert-time":13.065216064453125,"graph_name":"coAuthorsDBLP.hub","run-time":3.6899392366409303,"sort-time":170.3383026123047}
