{"M":100663202,"N":16777216,"convert-time":955.3858642578125,"graph_name":"delaunay_n24.gorder","run-time":5.23909113407135,"sort-time":6525.49609375}
