{"M":50331568,"N":8388608,"convert-time":544.3010864257813,"graph_name":"delaunay_n23.chub","run-time":24.37891845703125,"sort-time":5254.7705078125}
