{"M":50331568,"N":8388608,"convert-time":982.85498046875,"graph_name":"delaunay_n23.mtx.RCM","run-time":3.10588481426239,"sort-time":0.0}
