{"M":50331568,"N":8388608,"convert-time":528.6492309570313,"graph_name":"delaunay_n23.edgeW3","run-time":4.476499152183533,"sort-time":6491.638671875}
