{"M":25165738,"N":4194304,"convert-time":260.89471435546875,"graph_name":"delaunay_n22.gorder","run-time":7.057094478607178,"sort-time":2200.857666015625}
