{"M":25165738,"N":4194304,"convert-time":265.09722900390625,"graph_name":"delaunay_n22.chub","run-time":9.513257503509521,"sort-time":2347.620361328125}
