{"M":100663202,"N":16777216,"convert-time":1801.072021484375,"graph_name":"delaunay_n24.mtx.RCM","run-time":7.570294380187988,"sort-time":0.0}
