{"M":50331568,"N":8388608,"convert-time":476.38836669921875,"graph_name":"delaunay_n23.deg","run-time":4.6454784870147705,"sort-time":3128.7041015625}
