{"M":50331568,"N":8388608,"convert-time":502.361083984375,"graph_name":"delaunay_n23.mtx.RCM","run-time":1.870950412750244,"sort-time":3827.185546875}
