{"M":25165738,"N":4194304,"convert-time":227.8983612060547,"graph_name":"delaunay_n22.rand","run-time":1.5102975964546204,"sort-time":2588.6474609375}
