{"M":100663202,"N":16777216,"convert-time":1635.343017578125,"graph_name":"delaunay_n24.gorder","run-time":11.436508750915527,"sort-time":0.0}
