{"M":50331568,"N":8388608,"convert-time":478.9063720703125,"graph_name":"delaunay_n23.hub","run-time":4.724223899841308,"sort-time":3154.809814453125}
