{"M":50331568,"N":8388608,"convert-time":456.93646240234375,"graph_name":"delaunay_n23.edgeW3","run-time":2.019942378997803,"sort-time":4191.69287109375}
