{"M":25165738,"N":4194304,"convert-time":726.10400390625,"graph_name":"delaunay_n22.gorder","run-time":2.8090783596038817,"sort-time":0.0}
