{"M":25165738,"N":4194304,"convert-time":647.3460083007813,"graph_name":"delaunay_n22.deg","run-time":12.490809440612793,"sort-time":0.0}
