{"M":50331568,"N":8388608,"convert-time":469.01348876953125,"graph_name":"delaunay_n23.chub","run-time":4.77716474533081,"sort-time":3042.16259765625}
