{"M":100663202,"N":16777216,"convert-time":1058.988037109375,"graph_name":"delaunay_n24.deg","run-time":51.681491470336915,"sort-time":11692.1279296875}
