{"M":100663202,"N":16777216,"convert-time":949.2091064453125,"graph_name":"delaunay_n24.mtx.RCM","run-time":5.2322304248809814,"sort-time":8503.8798828125}
