{"M":100663202,"N":16777216,"convert-time":1082.681396484375,"graph_name":"delaunay_n24.edgeW3","run-time":6.117827272415161,"sort-time":14227.05859375}
