{"M":50331568,"N":8388608,"convert-time":1062.8189697265625,"graph_name":"delaunay_n23.deg","run-time":26.49127368927002,"sort-time":0.0}
