{"M":100663202,"N":16777216,"convert-time":943.415283203125,"graph_name":"delaunay_n24.deg","run-time":19.107225608825683,"sort-time":6862.654296875}
