{"M":25165738,"N":4194304,"convert-time":310.0948486328125,"graph_name":"delaunay_n22.edgeW3","run-time":2.3632159948349,"sort-time":2925.45849609375}
