{"M":25165738,"N":4194304,"convert-time":238.80499267578125,"graph_name":"delaunay_n22.hub","run-time":1.4954495906829834,"sort-time":1403.484130859375}
