{"M":25165738,"N":4194304,"convert-time":235.84051513671875,"graph_name":"delaunay_n22.deg","run-time":1.485312008857727,"sort-time":1401.0654296875}
