{"M":25165738,"N":4194304,"convert-time":663.06201171875,"graph_name":"delaunay_n22.mtx.RCM","run-time":4.012444806098938,"sort-time":0.0}
