{"M":25165738,"N":4194304,"convert-time":1539.1109619140625,"graph_name":"delaunay_n22.rand","run-time":12.11700143814087,"sort-time":0.0}
