{"M":50331568,"N":8388608,"convert-time":531.94140625,"graph_name":"delaunay_n23.hub","run-time":26.759407997131348,"sort-time":5340.95849609375}
