{"M":100663202,"N":16777216,"convert-time":1092.5885009765625,"graph_name":"delaunay_n24.chub","run-time":51.8960376739502,"sort-time":10946.7685546875}
