{"M":100663202,"N":16777216,"convert-time":928.584716796875,"graph_name":"delaunay_n24.chub","run-time":19.330559921264648,"sort-time":6613.859375}
