{"M":100663202,"N":16777216,"convert-time":931.146728515625,"graph_name":"delaunay_n24.rand","run-time":19.58952980041504,"sort-time":12328.708984375}
