{"M":100663202,"N":16777216,"convert-time":1578.530029296875,"graph_name":"delaunay_n24.deg","run-time":57.361439895629886,"sort-time":0.0}
