{"M":50331568,"N":8388608,"convert-time":3166.802978515625,"graph_name":"delaunay_n23.rand","run-time":29.01822681427002,"sort-time":0.0}
