{"M":25165738,"N":4194304,"convert-time":227.90655517578125,"graph_name":"delaunay_n22.mtx.RCM","run-time":1.2475391983985902,"sort-time":1737.4781494140625}
