{"M":100663202,"N":16777216,"convert-time":986.082275390625,"graph_name":"delaunay_n24.edgeW3","run-time":5.256089568138123,"sort-time":9392.1669921875}
