{"M":100663202,"N":16777216,"convert-time":950.4327392578125,"graph_name":"delaunay_n24.hub","run-time":19.15647964477539,"sort-time":7175.7958984375}
