{"M":50331568,"N":8388608,"convert-time":1031.7330322265625,"graph_name":"delaunay_n23.hub","run-time":26.93170928955078,"sort-time":0.0}
