{"M":50331568,"N":8388608,"convert-time":450.545654296875,"graph_name":"delaunay_n23.rand","run-time":4.8989184379577635,"sort-time":5614.97705078125}
