{"M":50331568,"N":8388608,"convert-time":497.649658203125,"graph_name":"delaunay_n23.gorder","run-time":1.8975744128227234,"sort-time":2832.234375}
