{"M":25165738,"N":4194304,"convert-time":263.7158508300781,"graph_name":"delaunay_n22.gorder","run-time":1.2494848251342774,"sort-time":1229.264892578125}
