{"M":25165738,"N":4194304,"convert-time":268.3248596191406,"graph_name":"delaunay_n22.rand","run-time":12.534403228759766,"sort-time":3764.28857421875}
