{"M":100663202,"N":16777216,"convert-time":7097.841796875,"graph_name":"delaunay_n24.rand","run-time":58.68151702880859,"sort-time":0.0}
