{"M":100663202,"N":16777216,"convert-time":1122.5118408203125,"graph_name":"delaunay_n24.gorder","run-time":5.376351928710937,"sort-time":11034.8271484375}
