{"M":25165738,"N":4194304,"convert-time":262.4962463378906,"graph_name":"delaunay_n22.mtx.RCM","run-time":2.6844575881958006,"sort-time":2812.9853515625}
