{"M":25165738,"N":4194304,"convert-time":617.5490112304688,"graph_name":"delaunay_n22.hub","run-time":13.316921710968018,"sort-time":0.0}
