{"M":50331568,"N":8388608,"convert-time":1076.6240234375,"graph_name":"delaunay_n23.gorder","run-time":4.745766496658325,"sort-time":0.0}
