{"M":25165738,"N":4194304,"convert-time":226.56101989746094,"graph_name":"delaunay_n22.chub","run-time":1.4852096080780028,"sort-time":1326.2059326171875}
