{"M":25165738,"N":4194304,"convert-time":227.71507263183594,"graph_name":"delaunay_n22.edgeW3","run-time":1.2999680161476135,"sort-time":1912.6497802734375}
