{"M":100663202,"N":16777216,"convert-time":1586.2349853515625,"graph_name":"delaunay_n24.hub","run-time":58.17638397216797,"sort-time":0.0}
