{"M":16313034,"N":7733822,"convert-time":148.91314697265625,"graph_name":"great-britain_osm.hub","run-time":1.9876863837242127,"sort-time":768.3983154296875}
