{"M":16313034,"N":7733822,"convert-time":149.81427001953125,"graph_name":"great-britain_osm.deg","run-time":1.9155968070030212,"sort-time":779.43603515625}
