{"M":16313034,"N":7733822,"convert-time":202.48985290527344,"graph_name":"great-britain_osm.deg","run-time":11.011446571350097,"sort-time":1350.6632080078125}
