{"M":16313034,"N":7733822,"convert-time":565.2760009765625,"graph_name":"great-britain_osm.deg","run-time":10.105164623260498,"sort-time":0.0}
