{"M":16313034,"N":7733822,"convert-time":590.8369750976563,"graph_name":"great-britain_osm.mtx.RCM","run-time":2.6520544290542603,"sort-time":0.0}
