{"M":16313034,"N":7733822,"convert-time":189.00172424316406,"graph_name":"great-britain_osm.edgeW3","run-time":2.4076640367507935,"sort-time":1558.20849609375}
