{"M":16313034,"N":7733822,"convert-time":1743.1009521484375,"graph_name":"great-britain_osm.rand","run-time":11.959392166137695,"sort-time":0.0}
