{"M":16313034,"N":7733822,"convert-time":148.86912536621094,"graph_name":"great-britain_osm.gorder","run-time":1.188147211074829,"sort-time":735.003662109375}
