{"M":16313034,"N":7733822,"convert-time":191.07431030273438,"graph_name":"great-britain_osm.chub","run-time":8.973049640655518,"sort-time":1377.3505859375}
