{"M":16313034,"N":7733822,"convert-time":149.1988525390625,"graph_name":"great-britain_osm.edgeW3","run-time":1.209548795223236,"sort-time":931.2593994140625}
