{"M":16313034,"N":7733822,"convert-time":191.63955688476563,"graph_name":"great-britain_osm.mtx.RCM","run-time":2.0965951681137085,"sort-time":1476.0499267578125}
