{"M":16313034,"N":7733822,"convert-time":148.62232971191406,"graph_name":"great-britain_osm.chub","run-time":1.9834880113601685,"sort-time":759.3021240234375}
