{"M":16313034,"N":7733822,"convert-time":148.7790069580078,"graph_name":"great-britain_osm.mtx.RCM","run-time":1.1731968164443969,"sort-time":884.9264526367188}
