{"M":16313034,"N":7733822,"convert-time":149.36268615722656,"graph_name":"great-britain_osm.rand","run-time":2.025062394142151,"sort-time":1725.769775390625}
