{"M":16313034,"N":7733822,"convert-time":513.406005859375,"graph_name":"great-britain_osm.gorder","run-time":8.516243147850037,"sort-time":0.0}
