{"M":16313034,"N":7733822,"convert-time":528.2319946289063,"graph_name":"great-britain_osm.hub","run-time":13.586128044128419,"sort-time":0.0}
