{"M":112751422,"N":1139905,"convert-time":1215.2125244140625,"graph_name":"hollywood-2009.hub","run-time":48.96074867248535,"sort-time":16264.9931640625}
