{"M":112751422,"N":1139905,"convert-time":1206.58642578125,"graph_name":"hollywood-2009.gorder","run-time":87.49117431640624,"sort-time":7397.7158203125}
