{"M":112751422,"N":1139905,"convert-time":1728.2340087890625,"graph_name":"hollywood-2009.hub","run-time":60.56222038269043,"sort-time":0.0}
