{"M":112751422,"N":1107243,"convert-time":1797.43994140625,"graph_name":"hollywood-2009.deg","run-time":59.444854736328125,"sort-time":0.0}
