{"M":113891327,"N":1139905,"convert-time":1175.9134521484375,"graph_name":"hollywood-2009.rand","run-time":31.92596492767334,"sort-time":14368.3994140625}
