{"M":113891327,"N":1139905,"convert-time":1203.6710205078125,"graph_name":"hollywood-2009.edgeW3","run-time":455.68870849609374,"sort-time":19757.568359375}
