{"M":112751422,"N":1139905,"convert-time":1179.1636962890625,"graph_name":"hollywood-2009.chub","run-time":34.20364875793457,"sort-time":7610.60986328125}
