{"M":112751422,"N":1139905,"convert-time":1756.7349853515625,"graph_name":"hollywood-2009.gorder","run-time":35.121385192871095,"sort-time":0.0}
