{"M":113891327,"N":1139905,"convert-time":1171.0750732421875,"graph_name":"hollywood-2009.edgeW3","run-time":1205.8409057617187,"sort-time":14232.955078125}
