{"M":113891327,"N":1139905,"convert-time":4393.990234375,"graph_name":"hollywood-2009.rand","run-time":71.89522285461426,"sort-time":0.0}
