{"M":112751422,"N":1139905,"convert-time":1190.80859375,"graph_name":"hollywood-2009.hub","run-time":108.64988174438477,"sort-time":10069.6044921875}
