{"M":112751422,"N":1107243,"convert-time":1194.0321044921875,"graph_name":"hollywood-2009.deg","run-time":108.60226593017578,"sort-time":10452.7421875}
