{"M":113891327,"N":1139905,"convert-time":5627.7587890625,"graph_name":"hollywood-2009.mtx.RCM","run-time":65.60233688354492,"sort-time":0.0}
