{"M":112751422,"N":1139905,"convert-time":1246.6749267578125,"graph_name":"hollywood-2009.chub","run-time":44.381676864624026,"sort-time":13446.07421875}
