{"M":113891327,"N":1139905,"convert-time":1173.93408203125,"graph_name":"hollywood-2009.mtx.RCM","run-time":77.35726165771484,"sort-time":10013.9814453125}
