{"M":182082942,"N":2097152,"convert-time":1876.1829833984375,"graph_name":"kron_g500-logn21.mtx.RCM","run-time":673.472509765625,"sort-time":19902.66015625}
