{"M":182081864,"N":2097152,"convert-time":1874.2681884765625,"graph_name":"kron_g500-logn21.gorder","run-time":879.0074340820313,"sort-time":12852.8359375}
