{"M":89239674,"N":1048576,"convert-time":5087.17578125,"graph_name":"kron_g500-logn20.rand","run-time":55.89615707397461,"sort-time":0.0}
