{"M":182081864,"N":1544087,"convert-time":2002.0274658203125,"graph_name":"kron_g500-logn21.deg","run-time":116.43089065551757,"sort-time":28534.978515625}
