{"M":182082942,"N":2097152,"convert-time":9964.435546875,"graph_name":"kron_g500-logn21.rand","run-time":221.03453216552734,"sort-time":0.0}
