{"M":89239674,"N":1048576,"convert-time":932.6305541992188,"graph_name":"kron_g500-logn20.mtx.RCM","run-time":244.47098693847656,"sort-time":9110.8017578125}
