{"M":89239674,"N":1048576,"convert-time":5460.94677734375,"graph_name":"kron_g500-logn20.mtx.RCM","run-time":62.09008979797363,"sort-time":0.0}
