{"M":89239674,"N":1048576,"convert-time":938.440673828125,"graph_name":"kron_g500-logn20.rand","run-time":48.70328369140625,"sort-time":12782.8505859375}
