{"M":89238804,"N":1048576,"convert-time":1528.9449462890625,"graph_name":"kron_g500-logn20.hub","run-time":131.77070159912108,"sort-time":0.0}
