{"M":182082942,"N":2097152,"convert-time":1847.0328369140625,"graph_name":"kron_g500-logn21.rand","run-time":81.44783401489258,"sort-time":27456.541015625}
