{"M":89238804,"N":1048576,"convert-time":1470.8599853515625,"graph_name":"kron_g500-logn20.gorder","run-time":96.62585754394532,"sort-time":0.0}
