{"M":89239674,"N":1048576,"convert-time":958.287841796875,"graph_name":"kron_g500-logn20.edgeW3","run-time":111.17455291748047,"sort-time":12543.7216796875}
