{"M":182081864,"N":2097152,"convert-time":1918.7864990234375,"graph_name":"kron_g500-logn21.hub","run-time":877.161572265625,"sort-time":18231.595703125}
