{"M":182081864,"N":2097152,"convert-time":2831.833984375,"graph_name":"kron_g500-logn21.gorder","run-time":149.4207534790039,"sort-time":0.0}
