{"M":89238804,"N":795241,"convert-time":1503.93798828125,"graph_name":"kron_g500-logn20.deg","run-time":117.7813117980957,"sort-time":0.0}
