{"M":89238804,"N":795241,"convert-time":979.4590454101563,"graph_name":"kron_g500-logn20.deg","run-time":64.88605041503907,"sort-time":13246.826171875}
