{"M":89239674,"N":1048576,"convert-time":973.4451293945313,"graph_name":"kron_g500-logn20.mtx.RCM","run-time":50.139693069458005,"sort-time":12168.5498046875}
