{"M":182082942,"N":2097152,"convert-time":1998.68310546875,"graph_name":"kron_g500-logn21.mtx.RCM","run-time":108.86043167114258,"sort-time":27430.24609375}
