{"M":89239674,"N":1048576,"convert-time":980.3980712890625,"graph_name":"kron_g500-logn20.edgeW3","run-time":41.83092842102051,"sort-time":16301.302734375}
