{"M":182081864,"N":1544087,"convert-time":2644.779052734375,"graph_name":"kron_g500-logn21.deg","run-time":191.05449829101562,"sort-time":0.0}
