{"M":182081864,"N":2097152,"convert-time":2002.85693359375,"graph_name":"kron_g500-logn21.chub","run-time":88.74749526977538,"sort-time":23429.7421875}
