{"M":89238804,"N":1048576,"convert-time":942.551025390625,"graph_name":"kron_g500-logn20.chub","run-time":53.679206466674806,"sort-time":6233.9677734375}
