{"M":89238804,"N":1048576,"convert-time":981.3585815429688,"graph_name":"kron_g500-logn20.hub","run-time":80.4234504699707,"sort-time":13146.0576171875}
