{"M":182082942,"N":2097152,"convert-time":2016.22216796875,"graph_name":"kron_g500-logn21.edgeW3","run-time":82.24617996215821,"sort-time":36056.34765625}
