{"M":89238804,"N":1048576,"convert-time":944.1556396484375,"graph_name":"kron_g500-logn20.hub","run-time":525.11396484375,"sort-time":8720.373046875}
