{"M":182081864,"N":2097152,"convert-time":2714.489990234375,"graph_name":"kron_g500-logn21.hub","run-time":213.71243743896486,"sort-time":0.0}
