{"M":182081864,"N":2097152,"convert-time":1921.481689453125,"graph_name":"kron_g500-logn21.chub","run-time":86.71703033447265,"sort-time":14773.0234375}
