{"M":182082942,"N":2097152,"convert-time":1868.401611328125,"graph_name":"kron_g500-logn21.edgeW3","run-time":160.3699722290039,"sort-time":27082.42578125}
