{"M":182081864,"N":1544087,"convert-time":1923.6136474609375,"graph_name":"kron_g500-logn21.deg","run-time":883.5281921386719,"sort-time":19029.416015625}
