{"M":182082942,"N":2097152,"convert-time":11885.4716796875,"graph_name":"kron_g500-logn21.mtx.RCM","run-time":141.38168029785157,"sort-time":0.0}
