{"M":89238804,"N":795241,"convert-time":933.6801147460938,"graph_name":"kron_g500-logn20.deg","run-time":528.1758178710937,"sort-time":8535.361328125}
