{"M":182082942,"N":2097152,"convert-time":2001.94970703125,"graph_name":"kron_g500-logn21.rand","run-time":166.80425415039062,"sort-time":36613.328125}
