{"M":89238804,"N":1048576,"convert-time":984.1121215820313,"graph_name":"kron_g500-logn20.gorder","run-time":523.6282409667969,"sort-time":5843.115234375}
