{"M":89238804,"N":1048576,"convert-time":983.7168579101563,"graph_name":"kron_g500-logn20.chub","run-time":49.087500381469724,"sort-time":10216.685546875}
