{"M":79023142,"N":5363260,"convert-time":5783.033203125,"graph_name":"ljournal-2008.deg","run-time":263.47619781494143,"sort-time":0.0}
