{"M":79023142,"N":5363260,"convert-time":794.9209594726563,"graph_name":"ljournal-2008.deg","run-time":91.85392608642579,"sort-time":9229.1787109375}
