{"M":77991514,"N":5363260,"convert-time":793.8099365234375,"graph_name":"ljournal-2008.gorder","run-time":87.77349090576172,"sort-time":5022.4794921875}
