{"M":79023142,"N":5363260,"convert-time":859.6182861328125,"graph_name":"ljournal-2008.deg","run-time":217.97435913085937,"sort-time":12113.6259765625}
