{"M":77991514,"N":5363260,"convert-time":1250.93994140625,"graph_name":"ljournal-2008.hub","run-time":517.1278930664063,"sort-time":0.0}
