{"M":79023142,"N":5363260,"convert-time":778.0618286132813,"graph_name":"ljournal-2008.edgeW3","run-time":69.33340148925781,"sort-time":11184.5400390625}
