{"M":79023142,"N":5363260,"convert-time":787.768310546875,"graph_name":"ljournal-2008.rand","run-time":69.37159729003906,"sort-time":11289.931640625}
