{"M":79023142,"N":5363260,"convert-time":5900.884765625,"graph_name":"ljournal-2008.rand","run-time":708.0108581542969,"sort-time":0.0}
