{"M":79023142,"N":5363260,"convert-time":905.8959350585938,"graph_name":"ljournal-2008.edgeW3","run-time":632.26494140625,"sort-time":14609.716796875}
