{"M":77991514,"N":5363260,"convert-time":864.1279907226563,"graph_name":"ljournal-2008.chub","run-time":525.8647674560547,"sort-time":9051.4755859375}
