{"M":77991514,"N":5363260,"convert-time":785.249267578125,"graph_name":"ljournal-2008.chub","run-time":87.34525451660156,"sort-time":5561.91015625}
