{"M":77991514,"N":5363260,"convert-time":793.2774658203125,"graph_name":"ljournal-2008.hub","run-time":141.18850555419922,"sort-time":6228.98291015625}
