{"M":79023142,"N":5363260,"convert-time":5226.1767578125,"graph_name":"ljournal-2008.mtx.RCM","run-time":300.41650238037107,"sort-time":0.0}
