{"M":79023142,"N":5363260,"convert-time":792.25341796875,"graph_name":"ljournal-2008.mtx.RCM","run-time":78.8947967529297,"sort-time":8757.6142578125}
