{"M":79023142,"N":5363260,"convert-time":862.8203735351563,"graph_name":"ljournal-2008.mtx.RCM","run-time":206.44489288330078,"sort-time":11585.27734375}
