{"M":77991514,"N":5363260,"convert-time":1343.5419921875,"graph_name":"ljournal-2008.gorder","run-time":271.7882354736328,"sort-time":0.0}
