{"M":77991514,"N":5363260,"convert-time":848.3829956054688,"graph_name":"ljournal-2008.hub","run-time":454.6647125244141,"sort-time":10043.00390625}
