{"M":127002786,"N":8388608,"convert-time":8145.52587890625,"graph_name":"rgg_n_2_23_s0.rand","run-time":65.12747154235839,"sort-time":0.0}
