{"M":127002786,"N":8388608,"convert-time":2000.4229736328125,"graph_name":"rgg_n_2_23_s0.mtx.RCM","run-time":6.522505521774292,"sort-time":0.0}
