{"M":265114400,"N":16777216,"convert-time":2752.09326171875,"graph_name":"rgg_n_2_24_s0.edgeW3","run-time":9.834806346893311,"sort-time":42837.23828125}
