{"M":60718396,"N":4194304,"convert-time":1110.9649658203125,"graph_name":"rgg_n_2_22_s0.gorder","run-time":5.7902048349380495,"sort-time":0.0}
