{"M":57708624,"N":23947347,"convert-time":523.7504272460938,"graph_name":"road_usa.deg","run-time":13.316608047485351,"sort-time":3481.193359375}
