{"M":265114400,"N":16777216,"convert-time":2460.84912109375,"graph_name":"rgg_n_2_24_s0.edgeW3","run-time":9.56037130355835,"sort-time":28407.2890625}
