{"M":127002786,"N":8388608,"convert-time":1216.175048828125,"graph_name":"rgg_n_2_23_s0.rand","run-time":10.67898874282837,"sort-time":15162.5810546875}
