{"M":60718396,"N":4194304,"convert-time":566.9335327148438,"graph_name":"rgg_n_2_22_s0.edgeW3","run-time":2.480742406845093,"sort-time":5826.53564453125}
