{"M":57708624,"N":23947347,"convert-time":666.6834106445313,"graph_name":"road_usa.rand","run-time":33.78168296813965,"sort-time":9985.1845703125}
