{"M":265114400,"N":16777216,"convert-time":2794.395751953125,"graph_name":"rgg_n_2_24_s0.mtx.RCM","run-time":7.5197759628295895,"sort-time":38287.515625}
