{"M":57708624,"N":23947347,"convert-time":657.0035400390625,"graph_name":"road_usa.chub","run-time":34.318853759765624,"sort-time":5636.31005859375}
