{"M":265114400,"N":16777215,"convert-time":2517.473388671875,"graph_name":"rgg_n_2_24_s0.deg","run-time":38.338457870483396,"sort-time":21123.427734375}
