{"M":265114400,"N":16777216,"convert-time":2743.159912109375,"graph_name":"rgg_n_2_24_s0.chub","run-time":129.9507598876953,"sort-time":33936.0}
