{"M":265114400,"N":16777216,"convert-time":2624.952392578125,"graph_name":"rgg_n_2_24_s0.chub","run-time":42.78784065246582,"sort-time":19752.3359375}
