{"M":127002786,"N":8388608,"convert-time":1204.632568359375,"graph_name":"rgg_n_2_23_s0.gorder","run-time":3.1597567558288575,"sort-time":8024.6806640625}
