{"M":265114400,"N":16777216,"convert-time":3647.8349609375,"graph_name":"rgg_n_2_24_s0.hub","run-time":144.70549774169922,"sort-time":0.0}
