{"M":57708624,"N":23947347,"convert-time":682.3475341796875,"graph_name":"road_usa.hub","run-time":33.719478607177734,"sort-time":5880.25732421875}
