{"M":57708624,"N":23947347,"convert-time":1166.5780029296875,"graph_name":"road_usa.mtx.RCM","run-time":6.881673574447632,"sort-time":0.0}
