{"M":60718396,"N":4194304,"convert-time":1123.7249755859375,"graph_name":"rgg_n_2_22_s0.mtx.RCM","run-time":3.2625888109207155,"sort-time":0.0}
