{"M":265114400,"N":16777216,"convert-time":3898.8701171875,"graph_name":"rgg_n_2_24_s0.gorder","run-time":10.154278469085693,"sort-time":0.0}
