{"M":57708624,"N":23947347,"convert-time":658.9081420898438,"graph_name":"road_usa.edgeW3","run-time":5.648915243148804,"sort-time":7318.9580078125}
