{"M":57708624,"N":23947347,"convert-time":552.6179809570313,"graph_name":"road_usa.gorder","run-time":4.242841601371765,"sort-time":3339.970458984375}
