{"M":60718396,"N":4194304,"convert-time":600.9999389648438,"graph_name":"rgg_n_2_22_s0.mtx.RCM","run-time":1.8996224045753478,"sort-time":4629.43310546875}
