{"M":60718396,"N":4194304,"convert-time":640.6921997070313,"graph_name":"rgg_n_2_22_s0.edgeW3","run-time":3.1704928159713743,"sort-time":8293.755859375}
