{"M":265114400,"N":16777216,"convert-time":2845.24658203125,"graph_name":"rgg_n_2_24_s0.gorder","run-time":8.1776704788208,"sort-time":29885.185546875}
