{"M":57708624,"N":23947347,"convert-time":556.0924072265625,"graph_name":"road_usa.chub","run-time":13.753343868255616,"sort-time":3416.848388671875}
