{"M":57708624,"N":23947347,"convert-time":698.2522583007813,"graph_name":"road_usa.deg","run-time":32.713325119018556,"sort-time":5817.0419921875}
