{"M":60718396,"N":4194304,"convert-time":593.7633056640625,"graph_name":"rgg_n_2_22_s0.gorder","run-time":1.8457599997520446,"sort-time":3429.59716796875}
