{"M":265114400,"N":16777216,"convert-time":2464.83349609375,"graph_name":"rgg_n_2_24_s0.rand","run-time":46.49553871154785,"sort-time":34065.890625}
