{"M":60718396,"N":4194304,"convert-time":657.3834228515625,"graph_name":"rgg_n_2_22_s0.rand","run-time":23.49588813781738,"sort-time":9934.6982421875}
