{"M":57708624,"N":23947347,"convert-time":658.7586669921875,"graph_name":"road_usa.gorder","run-time":5.362854385375977,"sort-time":5572.1982421875}
