{"M":57708624,"N":23947347,"convert-time":6727.63720703125,"graph_name":"road_usa.rand","run-time":37.77577590942383,"sort-time":0.0}
