{"M":127002786,"N":8388608,"convert-time":1365.9197998046875,"graph_name":"rgg_n_2_23_s0.chub","run-time":55.570669174194336,"sort-time":15481.65625}
