{"M":127002786,"N":8388608,"convert-time":1204.388916015625,"graph_name":"rgg_n_2_23_s0.hub","run-time":8.731545639038085,"sort-time":9102.8916015625}
