{"M":57708624,"N":23947347,"convert-time":1139.1190185546875,"graph_name":"road_usa.hub","run-time":37.78212890625,"sort-time":0.0}
