{"M":127002786,"N":8388608,"convert-time":1325.39599609375,"graph_name":"rgg_n_2_23_s0.gorder","run-time":4.534329605102539,"sort-time":13562.3984375}
