{"M":57708624,"N":23947347,"convert-time":519.5222778320313,"graph_name":"road_usa.rand","run-time":14.081843280792237,"sort-time":7388.37890625}
