{"M":60718396,"N":4194304,"convert-time":619.9777221679688,"graph_name":"rgg_n_2_22_s0.gorder","run-time":2.784172797203064,"sort-time":5672.90673828125}
