{"M":60718396,"N":4194304,"convert-time":604.495849609375,"graph_name":"rgg_n_2_22_s0.hub","run-time":2.579148840904236,"sort-time":4024.54638671875}
