{"M":60718396,"N":4194304,"convert-time":1059.5059814453125,"graph_name":"rgg_n_2_22_s0.hub","run-time":23.285120010375977,"sort-time":0.0}
