{"M":127002786,"N":8388608,"convert-time":1829.822021484375,"graph_name":"rgg_n_2_23_s0.hub","run-time":60.65327682495117,"sort-time":0.0}
