{"M":265114400,"N":16777216,"convert-time":19177.376953125,"graph_name":"rgg_n_2_24_s0.rand","run-time":146.33911895751953,"sort-time":0.0}
