{"M":60718396,"N":4194301,"convert-time":1146.010009765625,"graph_name":"rgg_n_2_22_s0.deg","run-time":27.033340835571288,"sort-time":0.0}
