{"M":127002786,"N":8388608,"convert-time":1316.370361328125,"graph_name":"rgg_n_2_23_s0.edgeW3","run-time":6.109056091308593,"sort-time":19163.541015625}
