{"M":57708624,"N":23947347,"convert-time":1124.4310302734375,"graph_name":"road_usa.gorder","run-time":7.287878465652466,"sort-time":0.0}
