{"M":127002786,"N":8388607,"convert-time":1204.0560302734375,"graph_name":"rgg_n_2_23_s0.deg","run-time":7.832575988769531,"sort-time":9029.2109375}
