{"M":127002786,"N":8388608,"convert-time":1998.3590087890625,"graph_name":"rgg_n_2_23_s0.gorder","run-time":7.78823676109314,"sort-time":0.0}
