{"M":127002786,"N":8388608,"convert-time":1206.634521484375,"graph_name":"rgg_n_2_23_s0.chub","run-time":9.213542366027832,"sort-time":8777.37109375}
