{"M":265114400,"N":16777216,"convert-time":2515.134521484375,"graph_name":"rgg_n_2_24_s0.gorder","run-time":6.81912317276001,"sort-time":18184.20703125}
