{"M":60718396,"N":4194304,"convert-time":564.8148193359375,"graph_name":"rgg_n_2_22_s0.rand","run-time":2.573209595680237,"sort-time":6865.12939453125}
