{"M":57708624,"N":23947347,"convert-time":538.6199340820313,"graph_name":"road_usa.edgeW3","run-time":4.253900814056396,"sort-time":4664.4365234375}
