{"M":127002786,"N":8388607,"convert-time":1977.594970703125,"graph_name":"rgg_n_2_23_s0.deg","run-time":62.140771102905276,"sort-time":0.0}
