{"M":265114400,"N":16777215,"convert-time":4032.47607421875,"graph_name":"rgg_n_2_24_s0.deg","run-time":137.44244384765625,"sort-time":0.0}
