{"M":60718396,"N":4194304,"convert-time":565.0411376953125,"graph_name":"rgg_n_2_22_s0.chub","run-time":2.566655969619751,"sort-time":3790.96484375}
