{"M":127002786,"N":8388608,"convert-time":1310.5899658203125,"graph_name":"rgg_n_2_23_s0.rand","run-time":56.47077751159668,"sort-time":21796.0546875}
