{"M":127002786,"N":8388608,"convert-time":1212.8194580078125,"graph_name":"rgg_n_2_23_s0.edgeW3","run-time":4.472934436798096,"sort-time":13139.9404296875}
