{"M":57708624,"N":23947347,"convert-time":1141.9139404296875,"graph_name":"road_usa.deg","run-time":36.48387222290039,"sort-time":0.0}
