{"M":57708624,"N":23947347,"convert-time":554.8759155273438,"graph_name":"road_usa.hub","run-time":13.50563850402832,"sort-time":3430.83203125}
