{"M":265114400,"N":16777216,"convert-time":2526.993408203125,"graph_name":"rgg_n_2_24_s0.hub","run-time":39.787007904052736,"sort-time":21070.779296875}
