{"M":127002786,"N":8388607,"convert-time":1360.607177734375,"graph_name":"rgg_n_2_23_s0.deg","run-time":52.582559204101564,"sort-time":15642.2900390625}
