{"M":127002786,"N":8388608,"convert-time":1242.86669921875,"graph_name":"rgg_n_2_23_s0.mtx.RCM","run-time":3.241472029685974,"sort-time":10872.091796875}
