{"M":57708624,"N":23947347,"convert-time":563.0504760742188,"graph_name":"road_usa.mtx.RCM","run-time":4.237926340103149,"sort-time":3977.087890625}
