{"M":60718396,"N":4194301,"convert-time":589.7512817382813,"graph_name":"rgg_n_2_22_s0.deg","run-time":2.571571183204651,"sort-time":4016.629638671875}
