{"M":265114400,"N":16777216,"convert-time":3862.89404296875,"graph_name":"rgg_n_2_24_s0.mtx.RCM","run-time":11.724784183502198,"sort-time":0.0}
