{"M":265114400,"N":16777216,"convert-time":2566.71240234375,"graph_name":"rgg_n_2_24_s0.mtx.RCM","run-time":6.970060777664185,"sort-time":23922.50390625}
