{"M":60718396,"N":4194301,"convert-time":639.4542236328125,"graph_name":"rgg_n_2_22_s0.deg","run-time":18.97936019897461,"sort-time":7031.96142578125}
