{"M":60718396,"N":4194304,"convert-time":644.5926513671875,"graph_name":"rgg_n_2_22_s0.chub","run-time":19.89121913909912,"sort-time":6668.29541015625}
