{"M":60718396,"N":4194304,"convert-time":3478.760009765625,"graph_name":"rgg_n_2_22_s0.rand","run-time":25.727254486083986,"sort-time":0.0}
