{"M":212698418,"N":2997166,"convert-time":11861.564453125,"graph_name":"soc-orkut.rand","run-time":1100.8549560546876,"sort-time":0.0}
