{"M":212698418,"N":2997166,"convert-time":2200.881103515625,"graph_name":"soc-orkut.mtx.RCM","run-time":230.79352416992188,"sort-time":26167.14453125}
