{"M":68475391,"N":4847571,"convert-time":745.697265625,"graph_name":"soc-LiveJournal1.chub","run-time":339.50523681640624,"sort-time":7878.76953125}
