{"M":68993773,"N":4847571,"convert-time":756.8240356445313,"graph_name":"soc-LiveJournal1.edgeW3","run-time":436.56239013671876,"sort-time":13251.13671875}
