{"M":0,"N":1,"convert-time":0.9553920030593872,"graph_name":"soc-orkut.chub","run-time":0.11284480020403861,"sort-time":0.005119999870657921}
