{"M":68475391,"N":4847571,"convert-time":760.4357299804688,"graph_name":"soc-LiveJournal1.hub","run-time":296.78936157226565,"sort-time":8728.251953125}
