{"M":212698418,"N":2997166,"convert-time":2001.839111328125,"graph_name":"soc-orkut.deg","run-time":227.5874801635742,"sort-time":25817.34375}
