{"M":68993773,"N":4847571,"convert-time":660.0325317382813,"graph_name":"soc-LiveJournal1.mtx.RCM","run-time":59.855564498901366,"sort-time":7491.474609375}
