{"M":212698418,"N":2997166,"convert-time":2099.219482421875,"graph_name":"soc-orkut.rand","run-time":125.3568504333496,"sort-time":30050.361328125}
