{"M":0,"N":1,"convert-time":0.24268800020217896,"graph_name":"soc-orkut.chub","run-time":0.14364160001277923,"sort-time":0.002047999994829297}
