{"M":68993773,"N":4847571,"convert-time":712.4889526367188,"graph_name":"soc-LiveJournal1.rand","run-time":52.43699226379395,"sort-time":10620.20703125}
