{"M":68993773,"N":4847571,"convert-time":749.3785400390625,"graph_name":"soc-LiveJournal1.deg","run-time":187.74112243652343,"sort-time":11035.27734375}
