{"M":212698418,"N":2997166,"convert-time":2113.068115234375,"graph_name":"soc-orkut.hub","run-time":227.46910858154297,"sort-time":26773.13671875}
