{"M":106349209,"N":2997166,"convert-time":1778.2569580078125,"graph_name":"soc-orkut.gorder","run-time":507.0522094726563,"sort-time":0.0}
