{"M":0,"N":1,"convert-time":0.9461759924888611,"graph_name":"soc-orkut.edgeW3","run-time":0.11407360062003136,"sort-time":0.005119999870657921}
