{"M":212698418,"N":2997166,"convert-time":10915.578125,"graph_name":"soc-orkut.hub","run-time":724.5925109863281,"sort-time":0.0}
