{"M":68475391,"N":4847571,"convert-time":712.2769775390625,"graph_name":"soc-LiveJournal1.chub","run-time":60.021554946899414,"sort-time":4759.72314453125}
