{"M":68475391,"N":4846608,"convert-time":1275.5689697265625,"graph_name":"soc-LiveJournal1.gorder","run-time":224.89876861572264,"sort-time":0.0}
