{"M":0,"N":1,"convert-time":0.9635840058326721,"graph_name":"soc-orkut.deg","run-time":0.11581440195441246,"sort-time":0.005119999870657921}
