{"M":0,"N":1,"convert-time":0.9564160108566284,"graph_name":"soc-orkut.rand","run-time":0.11274240016937256,"sort-time":0.006144000217318535}
