{"M":0,"N":1,"convert-time":0.9625599980354309,"graph_name":"soc-orkut.hub","run-time":0.11274240016937256,"sort-time":0.005119999870657921}
