{"M":212698418,"N":2997166,"convert-time":16082.7734375,"graph_name":"soc-orkut.mtx.RCM","run-time":384.36534423828124,"sort-time":0.0}
