{"M":68993773,"N":4847571,"convert-time":749.9161376953125,"graph_name":"soc-LiveJournal1.mtx.RCM","run-time":147.51947631835938,"sort-time":10217.9140625}
