{"M":68993773,"N":4847571,"convert-time":6525.130859375,"graph_name":"soc-LiveJournal1.rand","run-time":550.20234375,"sort-time":0.0}
