{"M":212698418,"N":2997166,"convert-time":2306.30712890625,"graph_name":"soc-orkut.rand","run-time":973.6649047851563,"sort-time":40278.0}
