{"M":212698418,"N":2997166,"convert-time":2304.81396484375,"graph_name":"soc-orkut.hub","run-time":580.9358520507813,"sort-time":37253.515625}
