{"M":106349209,"N":2997166,"convert-time":1052.96484375,"graph_name":"soc-orkut.gorder","run-time":169.34041748046874,"sort-time":6575.8525390625}
