{"M":68993773,"N":4847571,"convert-time":663.630859375,"graph_name":"soc-LiveJournal1.edgeW3","run-time":53.40231704711914,"sort-time":10538.9814453125}
