{"M":68475391,"N":4846608,"convert-time":700.8368530273438,"graph_name":"soc-LiveJournal1.gorder","run-time":60.16819267272949,"sort-time":4276.77197265625}
