{"M":68475391,"N":4847571,"convert-time":716.5081787109375,"graph_name":"soc-LiveJournal1.hub","run-time":110.1283332824707,"sort-time":5361.75}
