{"M":68993773,"N":4847571,"convert-time":689.3302001953125,"graph_name":"soc-LiveJournal1.deg","run-time":68.76006393432617,"sort-time":8694.5048828125}
