{"M":0,"N":1,"convert-time":0.2088959962129593,"graph_name":"soc-orkut.edgeW3","run-time":0.13432320058345795,"sort-time":0.002047999994829297}
