{"M":68993773,"N":4847571,"convert-time":6340.22998046875,"graph_name":"soc-LiveJournal1.deg","run-time":286.8530609130859,"sort-time":0.0}
