{"M":212698418,"N":2997166,"convert-time":10912.9736328125,"graph_name":"soc-orkut.deg","run-time":636.5315856933594,"sort-time":0.0}
