{"M":212698418,"N":2997166,"convert-time":2098.049072265625,"graph_name":"soc-orkut.mtx.RCM","run-time":234.27420349121093,"sort-time":25896.796875}
