{"M":68475391,"N":4847571,"convert-time":1273.39697265625,"graph_name":"soc-LiveJournal1.hub","run-time":382.9445861816406,"sort-time":0.0}
