{"M":0,"N":1,"convert-time":0.9656320214271545,"graph_name":"soc-orkut.gorder","run-time":0.11632640138268471,"sort-time":0.005119999870657921}
