{"M":68993773,"N":4847571,"convert-time":4532.73583984375,"graph_name":"soc-LiveJournal1.mtx.RCM","run-time":240.03470458984376,"sort-time":0.0}
