{"M":68475391,"N":4846608,"convert-time":743.7578125,"graph_name":"soc-LiveJournal1.gorder","run-time":136.0017417907715,"sort-time":7096.1787109375}
