{"M":16313034,"N":7733822,"convert-time":190.49984741210938,"graph_name":"write_reorder2_great-britain_osm","run-time":2.517904019355774,"sort-time":1483.083740234375}
