{"M":212698418,"N":2997166,"convert-time":8416.6220703125,"graph_name":"write_reorder2_soc-orkut","run-time":454.64341430664064,"sort-time":0.0}
