{"M":100663202,"N":16777216,"convert-time":949.6535034179688,"graph_name":"write_reorder2_delaunay_n24","run-time":5.243392014503479,"sort-time":9472.396484375}
