{"M":265114400,"N":16777216,"convert-time":2456.996826171875,"graph_name":"write_reorder2_rgg_n_2_24_s0","run-time":8.776806592941284,"sort-time":28417.744140625}
