{"M":1628268,"N":227320,"convert-time":14.211071968078613,"graph_name":"write_reorder2_coAuthorsCiteseer","run-time":3.8798336029052733,"sort-time":100.15436553955078}
