{"M":57708624,"N":23947347,"convert-time":1217.9129638671875,"graph_name":"write_reorder2_road_usa","run-time":6.081747198104859,"sort-time":0.0}
