{"M":25165738,"N":4194304,"convert-time":233.91641235351563,"graph_name":"write_reorder2_delaunay_n22","run-time":1.291263997554779,"sort-time":1923.0269775390625}
