{"M":212698418,"N":2997166,"convert-time":2034.777099609375,"graph_name":"write_reorder2_soc-orkut","run-time":140.2707946777344,"sort-time":24833.39453125}
