{"M":79023142,"N":5363260,"convert-time":3801.403076171875,"graph_name":"write_reorder2_ljournal-2008","run-time":263.8645935058594,"sort-time":0.0}
