{"M":68993773,"N":4847571,"convert-time":752.6102905273438,"graph_name":"write_reorder2_soc-LiveJournal1","run-time":157.74252471923828,"sort-time":12029.3359375}
