{"M":265114400,"N":16777216,"convert-time":6084.93701171875,"graph_name":"write_reorder2_rgg_n_2_24_s0","run-time":19.831389045715333,"sort-time":0.0}
