{"M":127002786,"N":8388608,"convert-time":1206.1123046875,"graph_name":"write_reorder2_rgg_n_2_23_s0","run-time":4.143923139572143,"sort-time":13178.8818359375}
