{"M":25165738,"N":4194304,"convert-time":261.6258544921875,"graph_name":"write_reorder2_delaunay_n22","run-time":2.3486623525619508,"sort-time":3029.755859375}
