{"M":1955352,"N":299067,"convert-time":13.710335731506348,"graph_name":"write_reorder2_coAuthorsDBLP","run-time":3.788812828063965,"sort-time":194.70745849609375}
