{"M":182082942,"N":2097152,"convert-time":1861.843994140625,"graph_name":"write_reorder2_kron_g500-logn21","run-time":165.34988861083986,"sort-time":26137.849609375}
