{"M":16313034,"N":7733822,"convert-time":662.8079833984375,"graph_name":"write_reorder2_great-britain_osm","run-time":8.128636789321899,"sort-time":0.0}
