{"M":127002786,"N":8388608,"convert-time":2987.39892578125,"graph_name":"write_reorder2_rgg_n_2_23_s0","run-time":7.543971204757691,"sort-time":0.0}
