{"M":50331568,"N":8388608,"convert-time":1038.64404296875,"graph_name":"write_reorder2_delaunay_n23","run-time":5.310063982009888,"sort-time":0.0}
