{"M":182082942,"N":2097152,"convert-time":2004.005859375,"graph_name":"write_reorder2_kron_g500-logn21","run-time":90.76252975463868,"sort-time":35510.453125}
