{"M":89239674,"N":1048576,"convert-time":931.0115966796875,"graph_name":"write_reorder2_kron_g500-logn20","run-time":91.06421813964843,"sort-time":12232.4892578125}
