{"M":60718396,"N":4194304,"convert-time":593.0291137695313,"graph_name":"write_reorder2_rgg_n_2_22_s0","run-time":2.3328768491744993,"sort-time":5890.28466796875}
