{"M":113891327,"N":1139905,"convert-time":3069.306884765625,"graph_name":"write_reorder2_hollywood-2009","run-time":59.320156478881835,"sort-time":0.0}
