{"M":79023142,"N":5363260,"convert-time":768.8755493164063,"graph_name":"write_reorder2_ljournal-2008","run-time":79.11639099121093,"sort-time":10332.2255859375}
