{"M":113891327,"N":1139905,"convert-time":1190.0078125,"graph_name":"write_reorder2_hollywood-2009","run-time":49.8064380645752,"sort-time":13005.4482421875}
