{"M":639999458,"N":22744080,"convert-time":17104.349609375,"graph_name":"write_reorder2_arabic-2005","run-time":1752.0148559570312,"sort-time":0.0}
