{"M":89239674,"N":1048576,"convert-time":3361.76708984375,"graph_name":"write_reorder2_kron_g500-logn20","run-time":72.29914321899415,"sort-time":0.0}
