{"M":639999458,"N":22744080,"convert-time":6062.36669921875,"graph_name":"write_reorder2_arabic-2005","run-time":923.605712890625,"sort-time":60744.97265625}
