{"M":1955352,"N":299067,"convert-time":16.925695419311523,"graph_name":"write_reorder2_coAuthorsDBLP","run-time":4.596838283538818,"sort-time":129.43463134765625}
