{"M":57708624,"N":23947347,"convert-time":543.5709228515625,"graph_name":"write_reorder2_road_usa","run-time":4.253286385536194,"sort-time":4468.96240234375}
