{"M":127002786,"N":8388608,"convert-time":1306.8974609375,"graph_name":"write_reorder2_rgg_n_2_23_s0","run-time":4.82064962387085,"sort-time":19315.396484375}
