{"M":68993773,"N":4847571,"convert-time":706.3623657226563,"graph_name":"write_reorder2_soc-LiveJournal1","run-time":56.19906578063965,"sort-time":9238.484375}
