{"M":182082942,"N":2097152,"convert-time":7686.97607421875,"graph_name":"write_reorder2_kron_g500-logn21","run-time":119.97736892700195,"sort-time":0.0}
