{"M":639999458,"N":22744080,"convert-time":6920.5205078125,"graph_name":"write_reorder2_arabic-2005","run-time":1377.5544067382812,"sort-time":97241.5234375}
