{"M":1628268,"N":227320,"convert-time":10.095616340637207,"graph_name":"write_reorder2_coAuthorsCiteseer","run-time":3.076015996932983,"sort-time":151.54893493652344}
