{"M":25165738,"N":4194304,"convert-time":640.4110107421875,"graph_name":"write_reorder2_delaunay_n22","run-time":2.6858975887298584,"sort-time":0.0}
