{"M":50331568,"N":8388608,"convert-time":497.9507141113281,"graph_name":"write_reorder2_delaunay_n23","run-time":1.9702783823013306,"sort-time":4166.18896484375}
