{"M":57708624,"N":23947347,"convert-time":688.45263671875,"graph_name":"write_reorder2_road_usa","run-time":5.07040638923645,"sort-time":7228.91650390625}
