{"M":16313034,"N":7733822,"convert-time":147.96595764160156,"graph_name":"write_reorder2_great-britain_osm","run-time":1.1953152060508727,"sort-time":898.0592651367188}
