{"M":100663202,"N":16777216,"convert-time":1807.4129638671875,"graph_name":"write_reorder2_delaunay_n24","run-time":5.83505916595459,"sort-time":0.0}
