{"M":100663202,"N":16777216,"convert-time":1082.9761962890625,"graph_name":"write_reorder2_delaunay_n24","run-time":5.953836822509766,"sort-time":13895.46484375}
