{"M":60718396,"N":4194304,"convert-time":1526.3919677734375,"graph_name":"write_reorder2_rgg_n_2_22_s0","run-time":12.12744960784912,"sort-time":0.0}
