{"M":212698418,"N":2997166,"convert-time":2095.423583984375,"graph_name":"soc-orkut.mtx.RCM","run-time":6.835609579086304,"sort-time":26355.607421875}
