{"M":68993773,"N":4847571,"convert-time":704.8560791015625,"graph_name":"soc-LiveJournal1.mtx.RCM","run-time":2.4541184306144714,"sort-time":7844.36962890625}
