{"M":1955352,"N":299067,"convert-time":11.734016418457031,"graph_name":"coAuthorsDBLP.hub","run-time":0.33843199014663694,"sort-time":156.84608459472656}
