{"M":1628268,"N":227320,"convert-time":13.916159629821777,"graph_name":"coAuthorsCiteseer.deg","run-time":0.40202241092920304,"sort-time":68.71244812011719}
