{"M":265114400,"N":16777215,"convert-time":3840.14306640625,"graph_name":"rgg_n_2_24_s0.deg","run-time":49.63481559753418,"sort-time":0.0}
