{"M":60718396,"N":4194304,"convert-time":581.9207763671875,"graph_name":"rgg_n_2_22_s0.mtx.RCM","run-time":1.9743743777275085,"sort-time":5260.501953125}
