{"M":50331568,"N":8388608,"convert-time":3152.805908203125,"graph_name":"delaunay_n23.rand","run-time":8.847769689559936,"sort-time":0.0}
