{"M":1955352,"N":299067,"convert-time":16.969728469848633,"graph_name":"coAuthorsDBLP.deg","run-time":0.4175872027873993,"sort-time":82.74022674560547}
