{"M":100663202,"N":16777216,"convert-time":962.3531494140625,"graph_name":"delaunay_n24.mtx.RCM","run-time":3.4455551385879515,"sort-time":8530.76171875}
