{"M":127002786,"N":8388608,"convert-time":1264.722900390625,"graph_name":"rgg_n_2_23_s0.chub","run-time":5.845401573181152,"sort-time":8621.123046875}
