{"M":100663202,"N":16777216,"convert-time":1074.8211669921875,"graph_name":"delaunay_n24.gorder","run-time":4.901068711280823,"sort-time":10693.83203125}
