{"M":127002786,"N":8388608,"convert-time":1255.666748046875,"graph_name":"write_reorder2_rgg_n_2_23_s0","run-time":3.8080512285232544,"sort-time":13502.8427734375}
