{"M":1955352,"N":299067,"convert-time":16.79155158996582,"graph_name":"coAuthorsDBLP.gorder","run-time":0.39178240224719046,"sort-time":64.94822692871094}
