{"M":16313034,"N":7733822,"convert-time":656.2680053710938,"graph_name":"write_reorder2_great-britain_osm","run-time":2.3704575657844544,"sort-time":0.0}
