{"M":77991514,"N":5363260,"convert-time":817.67626953125,"graph_name":"ljournal-2008.chub","run-time":6.09116153717041,"sort-time":8764.220703125}
