{"M":1955352,"N":299067,"convert-time":17.074176788330078,"graph_name":"write_reorder2_coAuthorsDBLP","run-time":0.39700479060411453,"sort-time":136.97740173339844}
