{"M":113891327,"N":1139905,"convert-time":1204.0867919921875,"graph_name":"hollywood-2009.edgeW3","run-time":3.7915679693222044,"sort-time":19335.6171875}
