{"M":60718396,"N":4194304,"convert-time":559.6416015625,"graph_name":"rgg_n_2_22_s0.rand","run-time":2.40486398935318,"sort-time":7108.619140625}
