{"M":68993773,"N":4847571,"convert-time":661.339111328125,"graph_name":"soc-LiveJournal1.deg","run-time":2.5971712350845335,"sort-time":8990.9462890625}
