{"M":127002786,"N":8388608,"convert-time":1261.9991455078125,"graph_name":"rgg_n_2_23_s0.gorder","run-time":3.6989952325820923,"sort-time":8287.7041015625}
