{"M":57708624,"N":23947347,"convert-time":652.4887084960938,"graph_name":"road_usa.edgeW3","run-time":5.45116159915924,"sort-time":7142.810546875}
