{"M":1628268,"N":227320,"convert-time":14.260224342346191,"graph_name":"coAuthorsCiteseer.mtx.RCM","run-time":0.3848192095756531,"sort-time":90.25740814208984}
