{"M":212698418,"N":2997166,"convert-time":1984.1495361328125,"graph_name":"soc-orkut.deg","run-time":7.1155712604522705,"sort-time":26257.9453125}
