{"M":1955352,"N":299067,"convert-time":11.779071807861328,"graph_name":"coAuthorsDBLP.chub","run-time":0.3392512083053589,"sort-time":146.57125854492188}
