{"M":50331568,"N":8388608,"convert-time":506.3505859375,"graph_name":"delaunay_n23.mtx.RCM","run-time":1.9084287762641907,"sort-time":3858.869140625}
