{"M":112751422,"N":1139905,"convert-time":1184.5037841796875,"graph_name":"hollywood-2009.hub","run-time":3.49726722240448,"sort-time":9918.5859375}
