{"M":60718396,"N":4194304,"convert-time":557.6888427734375,"graph_name":"write_reorder2_rgg_n_2_22_s0","run-time":2.0476928114891053,"sort-time":6012.857421875}
