{"M":50331568,"N":8388608,"convert-time":499.03411865234375,"graph_name":"delaunay_n23.gorder","run-time":1.9341312289237975,"sort-time":2863.41015625}
