{"M":50331568,"N":8388608,"convert-time":474.1980285644531,"graph_name":"delaunay_n23.hub","run-time":2.951679992675781,"sort-time":3181.411376953125}
