{"M":182081864,"N":2097152,"convert-time":1991.446533203125,"graph_name":"kron_g500-logn21.hub","run-time":5.6655871868133545,"sort-time":28449.25390625}
