{"M":639999458,"N":22744080,"convert-time":17036.244140625,"graph_name":"arabic-2005.mtx.RCM","run-time":16.31467514038086,"sort-time":0.0}
