{"M":182081864,"N":2097152,"convert-time":1914.6527099609375,"graph_name":"kron_g500-logn21.hub","run-time":5.596159982681274,"sort-time":18965.638671875}
