{"M":89239674,"N":1048576,"convert-time":5914.39013671875,"graph_name":"kron_g500-logn20.mtx.RCM","run-time":2.9452287673950197,"sort-time":0.0}
