{"M":50331568,"N":8388608,"convert-time":1091.6180419921875,"graph_name":"write_reorder2_delaunay_n23","run-time":2.725785565376282,"sort-time":0.0}
