{"M":112751422,"N":1107243,"convert-time":1191.2796630859375,"graph_name":"hollywood-2009.deg","run-time":3.3860608100891114,"sort-time":15847.5673828125}
