{"M":100663202,"N":16777216,"convert-time":1071.436767578125,"graph_name":"delaunay_n24.mtx.RCM","run-time":3.3782784223556517,"sort-time":12872.9853515625}
