{"M":265114400,"N":16777216,"convert-time":2528.331787109375,"graph_name":"rgg_n_2_24_s0.rand","run-time":22.410649490356445,"sort-time":34952.66015625}
