{"M":89239674,"N":1048576,"convert-time":950.0835571289063,"graph_name":"kron_g500-logn20.edgeW3","run-time":2.819379186630249,"sort-time":12605.3994140625}
