{"M":25165738,"N":4194304,"convert-time":227.18360900878906,"graph_name":"write_reorder2_delaunay_n22","run-time":1.1601920187473298,"sort-time":1985.2471923828125}
