{"M":212698418,"N":2997166,"convert-time":2138.646484375,"graph_name":"write_reorder2_soc-orkut","run-time":6.745702409744263,"sort-time":23958.060546875}
