{"M":127002786,"N":8388608,"convert-time":1909.0880126953125,"graph_name":"rgg_n_2_23_s0.hub","run-time":17.8264066696167,"sort-time":0.0}
