{"M":100663202,"N":16777216,"convert-time":1800.6939697265625,"graph_name":"write_reorder2_delaunay_n24","run-time":3.6495360136032104,"sort-time":0.0}
