{"M":127002786,"N":8388608,"convert-time":1219.9454345703125,"graph_name":"rgg_n_2_23_s0.hub","run-time":5.99859209060669,"sort-time":9239.5078125}
