{"M":100663202,"N":16777216,"convert-time":1597.5589599609375,"graph_name":"delaunay_n24.gorder","run-time":3.8819839715957642,"sort-time":0.0}
