{"M":639999458,"N":22744080,"convert-time":6778.99755859375,"graph_name":"arabic-2005.edgeW3","run-time":91.61533432006836,"sort-time":160231.609375}
