{"M":100663202,"N":16777216,"convert-time":1071.0650634765625,"graph_name":"delaunay_n24.edgeW3","run-time":4.903014397621154,"sort-time":13889.1875}
