{"M":0,"N":1,"convert-time":0.9799680113792419,"graph_name":"soc-orkut.edgeW3","run-time":0.3466239985078573,"sort-time":0.005119999870657921}
