{"M":50331568,"N":8388608,"convert-time":518.2678833007813,"graph_name":"delaunay_n23.chub","run-time":8.132915163040161,"sort-time":5095.35546875}
