{"M":25165738,"N":4194304,"convert-time":683.8259887695313,"graph_name":"delaunay_n22.gorder","run-time":2.5082879781723024,"sort-time":0.0}
