{"M":50331568,"N":8388608,"convert-time":474.4601745605469,"graph_name":"delaunay_n23.deg","run-time":2.9432831764221192,"sort-time":3156.666259765625}
