{"M":113891327,"N":1139905,"convert-time":1185.6424560546875,"graph_name":"hollywood-2009.mtx.RCM","run-time":2.9564927577972413,"sort-time":10247.251953125}
