{"M":60718396,"N":4194304,"convert-time":626.1913452148438,"graph_name":"rgg_n_2_22_s0.chub","run-time":6.396620798110962,"sort-time":6408.02392578125}
