{"M":106349209,"N":2997166,"convert-time":1699.8759765625,"graph_name":"soc-orkut.gorder","run-time":4.753817510604859,"sort-time":0.0}
