{"M":57708624,"N":23947347,"convert-time":1164.029052734375,"graph_name":"road_usa.mtx.RCM","run-time":3.4027520179748536,"sort-time":0.0}
