{"M":16313034,"N":7733822,"convert-time":1706.2159423828125,"graph_name":"great-britain_osm.rand","run-time":4.558950400352478,"sort-time":0.0}
