{"M":68993773,"N":4847571,"convert-time":752.6707153320313,"graph_name":"soc-LiveJournal1.edgeW3","run-time":8.354303932189941,"sort-time":13416.8056640625}
