{"M":182081864,"N":2097152,"convert-time":2642.257080078125,"graph_name":"kron_g500-logn21.gorder","run-time":6.395187187194824,"sort-time":0.0}
