{"M":182081864,"N":2097152,"convert-time":2685.971923828125,"graph_name":"kron_g500-logn21.hub","run-time":6.272921562194824,"sort-time":0.0}
