{"M":265114400,"N":16777216,"convert-time":2602.933349609375,"graph_name":"rgg_n_2_24_s0.hub","run-time":19.787775993347168,"sort-time":21383.73828125}
