{"M":112751422,"N":1139905,"convert-time":1211.9337158203125,"graph_name":"hollywood-2009.chub","run-time":3.704115152359009,"sort-time":8271.625}
