{"M":182082942,"N":2097152,"convert-time":1988.1124267578125,"graph_name":"kron_g500-logn21.edgeW3","run-time":5.4751232147216795,"sort-time":35778.3515625}
