{"M":265114400,"N":16777216,"convert-time":3706.991943359375,"graph_name":"rgg_n_2_24_s0.mtx.RCM","run-time":8.648192024230957,"sort-time":0.0}
