{"M":639999458,"N":22744080,"convert-time":6717.22998046875,"graph_name":"arabic-2005.mtx.RCM","run-time":13.212467098236084,"sort-time":89459.90625}
