{"M":25165738,"N":4194304,"convert-time":667.06201171875,"graph_name":"write_reorder2_delaunay_n22","run-time":1.4080000162124633,"sort-time":0.0}
