{"M":25165738,"N":4194304,"convert-time":271.8361511230469,"graph_name":"delaunay_n22.gorder","run-time":1.1205631971359253,"sort-time":2169.83447265625}
