{"M":0,"N":1,"convert-time":0.9881600141525269,"graph_name":"soc-orkut.gorder","run-time":0.3443712044507265,"sort-time":0.005119999870657921}
