{"M":1955352,"N":299067,"convert-time":17.127424240112305,"graph_name":"coAuthorsDBLP.rand","run-time":0.410931196808815,"sort-time":177.31890869140625}
