{"M":57708624,"N":23947347,"convert-time":558.318603515625,"graph_name":"road_usa.mtx.RCM","run-time":2.9351936101913454,"sort-time":4011.696044921875}
