{"M":127002786,"N":8388608,"convert-time":1309.0980224609375,"graph_name":"rgg_n_2_23_s0.edgeW3","run-time":3.710873603820801,"sort-time":19124.798828125}
