{"M":100663202,"N":16777216,"convert-time":1736.2919921875,"graph_name":"delaunay_n24.mtx.RCM","run-time":3.7129215955734254,"sort-time":0.0}
