{"M":16313034,"N":7733822,"convert-time":194.4514617919922,"graph_name":"great-britain_osm.gorder","run-time":1.486847984790802,"sort-time":1267.00341796875}
