{"M":113891327,"N":1139905,"convert-time":2773.4130859375,"graph_name":"write_reorder2_hollywood-2009","run-time":3.1432703495025636,"sort-time":0.0}
