{"M":100663202,"N":16777216,"convert-time":952.2554931640625,"graph_name":"delaunay_n24.deg","run-time":8.457011318206787,"sort-time":7261.13671875}
