{"M":79023142,"N":5363260,"convert-time":807.9708251953125,"graph_name":"ljournal-2008.edgeW3","run-time":3.233894395828247,"sort-time":11488.3837890625}
