{"M":182082942,"N":2097152,"convert-time":1861.5880126953125,"graph_name":"kron_g500-logn21.edgeW3","run-time":5.890662431716919,"sort-time":27491.806640625}
