{"M":60718396,"N":4194304,"convert-time":1448.458984375,"graph_name":"write_reorder2_rgg_n_2_22_s0","run-time":2.1017600178718565,"sort-time":0.0}
