{"M":68993773,"N":4847571,"convert-time":756.58544921875,"graph_name":"soc-LiveJournal1.mtx.RCM","run-time":4.043775963783264,"sort-time":10421.384765625}
