{"M":16313034,"N":7733822,"convert-time":148.2362823486328,"graph_name":"great-britain_osm.gorder","run-time":1.0117120265960693,"sort-time":747.304931640625}
