{"M":16313034,"N":7733822,"convert-time":148.38067626953125,"graph_name":"great-britain_osm.chub","run-time":1.2985344171524047,"sort-time":777.7249145507813}
