{"M":60718396,"N":4194304,"convert-time":3611.56103515625,"graph_name":"rgg_n_2_22_s0.rand","run-time":7.410073614120483,"sort-time":0.0}
