{"M":89238804,"N":1048576,"convert-time":1504.6629638671875,"graph_name":"kron_g500-logn20.gorder","run-time":2.8729343891143797,"sort-time":0.0}
