{"M":212698418,"N":2997166,"convert-time":11273.2421875,"graph_name":"soc-orkut.deg","run-time":11.404902458190918,"sort-time":0.0}
