{"M":265114400,"N":16777216,"convert-time":2519.986083984375,"graph_name":"write_reorder2_rgg_n_2_24_s0","run-time":8.567910385131835,"sort-time":29600.05859375}
