{"M":79023142,"N":5363260,"convert-time":809.2344360351563,"graph_name":"write_reorder2_ljournal-2008","run-time":2.709503984451294,"sort-time":10439.154296875}
