{"M":68475391,"N":4847571,"convert-time":1172.988037109375,"graph_name":"soc-LiveJournal1.hub","run-time":5.5916543960571286,"sort-time":0.0}
