{"M":89239674,"N":1048576,"convert-time":3317.31396484375,"graph_name":"write_reorder2_kron_g500-logn20","run-time":2.903449606895447,"sort-time":0.0}
