{"M":79023142,"N":5363260,"convert-time":815.5719604492188,"graph_name":"ljournal-2008.rand","run-time":3.2351231813430785,"sort-time":11456.921875}
