{"M":68993773,"N":4847571,"convert-time":7002.97705078125,"graph_name":"soc-LiveJournal1.rand","run-time":8.544767951965332,"sort-time":0.0}
