{"M":127002786,"N":8388608,"convert-time":1394.8426513671875,"graph_name":"rgg_n_2_23_s0.chub","run-time":19.501055908203124,"sort-time":15107.5146484375}
