{"M":77991514,"N":5363260,"convert-time":797.1573486328125,"graph_name":"ljournal-2008.hub","run-time":3.053260827064514,"sort-time":6280.0732421875}
