{"M":60718396,"N":4194301,"convert-time":617.9860229492188,"graph_name":"rgg_n_2_22_s0.deg","run-time":5.656166410446167,"sort-time":6834.4072265625}
