{"M":1955352,"N":299067,"convert-time":17.0383358001709,"graph_name":"coAuthorsDBLP.hub","run-time":0.4173824042081833,"sort-time":82.53849792480469}
