{"M":57708624,"N":23947347,"convert-time":521.03271484375,"graph_name":"road_usa.rand","run-time":6.019686365127564,"sort-time":7764.05322265625}
