{"M":182081864,"N":1544087,"convert-time":1928.668212890625,"graph_name":"kron_g500-logn21.deg","run-time":4.913663911819458,"sort-time":28481.00390625}
