{"M":77991514,"N":5363260,"convert-time":802.0562133789063,"graph_name":"ljournal-2008.chub","run-time":3.047116780281067,"sort-time":5431.51513671875}
