{"M":68475391,"N":4847571,"convert-time":709.2490234375,"graph_name":"soc-LiveJournal1.chub","run-time":2.7052032351493835,"sort-time":4707.38330078125}
