{"M":212698418,"N":2997166,"convert-time":16212.3671875,"graph_name":"soc-orkut.mtx.RCM","run-time":11.42077431678772,"sort-time":0.0}
