{"M":68475391,"N":4846608,"convert-time":1170.2359619140625,"graph_name":"soc-LiveJournal1.gorder","run-time":3.6755456209182737,"sort-time":0.0}
