{"M":265114400,"N":16777216,"convert-time":2741.863525390625,"graph_name":"rgg_n_2_24_s0.gorder","run-time":6.682316875457763,"sort-time":30966.546875}
