{"M":16313034,"N":7733822,"convert-time":191.31800842285156,"graph_name":"great-britain_osm.mtx.RCM","run-time":1.2762112021446228,"sort-time":1479.2447509765625}
