{"M":0,"N":1,"convert-time":0.9881600141525269,"graph_name":"soc-orkut.chub","run-time":0.34549759440124034,"sort-time":0.005119999870657921}
