{"M":212698418,"N":2997166,"convert-time":2091.361328125,"graph_name":"soc-orkut.rand","run-time":7.057817602157593,"sort-time":30681.203125}
