{"M":639999458,"N":22744080,"convert-time":6152.73291015625,"graph_name":"arabic-2005.mtx.RCM","run-time":14.050713729858398,"sort-time":57219.14453125}
