{"M":265114400,"N":16777215,"convert-time":2711.32568359375,"graph_name":"rgg_n_2_24_s0.deg","run-time":43.17112274169922,"sort-time":35505.69921875}
