{"M":639999458,"N":22744080,"convert-time":6161.08447265625,"graph_name":"arabic-2005.rand","run-time":46.45273551940918,"sort-time":87106.6484375}
