{"M":60718396,"N":4194304,"convert-time":585.1371459960938,"graph_name":"rgg_n_2_22_s0.chub","run-time":2.3088128089904787,"sort-time":3855.689697265625}
