{"M":68993773,"N":4847571,"convert-time":691.2808837890625,"graph_name":"write_reorder2_soc-LiveJournal1","run-time":2.458521604537964,"sort-time":9510.70703125}
