{"M":89238804,"N":795241,"convert-time":1425.4739990234375,"graph_name":"kron_g500-logn20.deg","run-time":3.4471936225891113,"sort-time":0.0}
