{"M":60718396,"N":4194304,"convert-time":1102.4720458984375,"graph_name":"rgg_n_2_22_s0.mtx.RCM","run-time":2.404249608516693,"sort-time":0.0}
