{"M":68993773,"N":4847571,"convert-time":715.6981811523438,"graph_name":"soc-LiveJournal1.edgeW3","run-time":2.79541757106781,"sort-time":10804.888671875}
