{"M":16313034,"N":7733822,"convert-time":148.6868438720703,"graph_name":"write_reorder2_great-britain_osm","run-time":1.0198016226291657,"sort-time":908.5255737304688}
