{"M":25165738,"N":4194304,"convert-time":232.2749481201172,"graph_name":"delaunay_n22.chub","run-time":1.3298687994480134,"sort-time":1369.743408203125}
