{"M":639999458,"N":22744080,"convert-time":6108.8818359375,"graph_name":"arabic-2005.deg","run-time":14.612582302093506,"sort-time":58367.3203125}
