{"M":89238804,"N":1048576,"convert-time":1440.593994140625,"graph_name":"kron_g500-logn20.hub","run-time":3.154636836051941,"sort-time":0.0}
