{"M":112751422,"N":1139905,"convert-time":1762.7049560546875,"graph_name":"hollywood-2009.gorder","run-time":3.414528012275696,"sort-time":0.0}
