{"M":79023142,"N":5363260,"convert-time":3799.261962890625,"graph_name":"write_reorder2_ljournal-2008","run-time":4.416412806510925,"sort-time":0.0}
