{"M":57708624,"N":23947347,"convert-time":692.43701171875,"graph_name":"road_usa.deg","run-time":21.55304937362671,"sort-time":5744.5859375}
