{"M":89239674,"N":1048576,"convert-time":996.7882080078125,"graph_name":"write_reorder2_kron_g500-logn20","run-time":2.6556416273117067,"sort-time":16383.4765625}
