{"M":1628268,"N":227320,"convert-time":18.161663055419922,"graph_name":"write_reorder2_coAuthorsCiteseer","run-time":0.329420793056488,"sort-time":149.77127075195313}
