{"M":57708624,"N":23947347,"convert-time":556.9822998046875,"graph_name":"road_usa.chub","run-time":5.987123250961304,"sort-time":3476.22705078125}
