{"M":639999458,"N":22744080,"convert-time":17374.12890625,"graph_name":"write_reorder2_arabic-2005","run-time":14.955724906921386,"sort-time":0.0}
