{"M":112751422,"N":1139905,"convert-time":1256.0455322265625,"graph_name":"hollywood-2009.chub","run-time":3.8221823930740357,"sort-time":12823.11328125}
