{"M":25165738,"N":4194304,"convert-time":226.951171875,"graph_name":"delaunay_n22.gorder","run-time":1.148928016424179,"sort-time":1257.4935302734375}
