{"M":68993773,"N":4847571,"convert-time":681.9072265625,"graph_name":"soc-LiveJournal1.rand","run-time":2.7908096075057984,"sort-time":10729.5673828125}
