{"M":112751422,"N":1107243,"convert-time":1180.527587890625,"graph_name":"hollywood-2009.deg","run-time":3.503001570701599,"sort-time":10249.115234375}
