{"M":1628268,"N":227320,"convert-time":14.256128311157227,"graph_name":"coAuthorsCiteseer.edgeW3","run-time":0.38256641030311583,"sort-time":101.0145263671875}
