{"M":1955352,"N":299067,"convert-time":17.22777557373047,"graph_name":"coAuthorsDBLP.chub","run-time":0.4126720055937767,"sort-time":80.1075210571289}
