{"M":68993773,"N":4847571,"convert-time":4447.61279296875,"graph_name":"write_reorder2_soc-LiveJournal1","run-time":4.3338751792907715,"sort-time":0.0}
