{"M":100663202,"N":16777216,"convert-time":947.8461303710938,"graph_name":"delaunay_n24.hub","run-time":8.470425510406494,"sort-time":7012.724609375}
