{"M":50331568,"N":8388608,"convert-time":929.0059814453125,"graph_name":"delaunay_n23.gorder","run-time":2.2222816228866575,"sort-time":0.0}
