{"M":100663202,"N":16777216,"convert-time":1086.9022216796875,"graph_name":"delaunay_n24.rand","run-time":19.34714870452881,"sort-time":16577.16015625}
