{"M":25165738,"N":4194304,"convert-time":618.6129760742188,"graph_name":"delaunay_n22.hub","run-time":3.520614433288574,"sort-time":0.0}
