{"M":89238804,"N":1048576,"convert-time":955.4483032226563,"graph_name":"kron_g500-logn20.chub","run-time":2.7627520084381105,"sort-time":6207.4130859375}
