{"M":1955352,"N":299067,"convert-time":11.987968444824219,"graph_name":"coAuthorsDBLP.edgeW3","run-time":0.3360768035054207,"sort-time":188.0115203857422}
