{"M":127002786,"N":8388608,"convert-time":1265.4356689453125,"graph_name":"rgg_n_2_23_s0.mtx.RCM","run-time":3.649331212043762,"sort-time":11020.201171875}
