{"M":25165738,"N":4194304,"convert-time":678.5349731445313,"graph_name":"delaunay_n22.mtx.RCM","run-time":2.4787967681884764,"sort-time":0.0}
