{"M":182082942,"N":2097152,"convert-time":1842.441162109375,"graph_name":"write_reorder2_kron_g500-logn21","run-time":6.062284803390503,"sort-time":26642.3359375}
