{"M":212698418,"N":2997166,"convert-time":10894.962890625,"graph_name":"soc-orkut.hub","run-time":12.933427429199218,"sort-time":0.0}
