{"M":127002786,"N":8388607,"convert-time":1819.717041015625,"graph_name":"rgg_n_2_23_s0.deg","run-time":17.63082218170166,"sort-time":0.0}
