{"M":265114400,"N":16777216,"convert-time":2721.668212890625,"graph_name":"rgg_n_2_24_s0.edgeW3","run-time":7.131955242156982,"sort-time":43080.87890625}
