{"M":212698418,"N":2997166,"convert-time":12103.6630859375,"graph_name":"soc-orkut.rand","run-time":17.215488052368165,"sort-time":0.0}
