{"M":0,"N":1,"convert-time":0.9789440035820007,"graph_name":"soc-orkut.deg","run-time":0.3443712074309587,"sort-time":0.005119999870657921}
