{"M":16313034,"N":7733822,"convert-time":190.35955810546875,"graph_name":"write_reorder2_great-britain_osm","run-time":3.5035136580467223,"sort-time":1510.8966064453125}
