{"M":265114400,"N":16777216,"convert-time":3933.9951171875,"graph_name":"rgg_n_2_24_s0.hub","run-time":45.096038818359375,"sort-time":0.0}
