{"M":100663202,"N":16777216,"convert-time":953.6993408203125,"graph_name":"write_reorder2_delaunay_n24","run-time":3.530342364311218,"sort-time":9619.203125}
