{"M":182081864,"N":2097152,"convert-time":1941.9678955078125,"graph_name":"kron_g500-logn21.chub","run-time":5.737164688110352,"sort-time":13958.18359375}
