{"M":127002786,"N":8388608,"convert-time":2020.0689697265625,"graph_name":"rgg_n_2_23_s0.gorder","run-time":3.473510408401489,"sort-time":0.0}
