{"M":16313034,"N":7733822,"convert-time":191.0476837158203,"graph_name":"great-britain_osm.edgeW3","run-time":3.646873539686203,"sort-time":1485.5147705078125}
