{"M":79023142,"N":5363260,"convert-time":5936.1748046875,"graph_name":"ljournal-2008.rand","run-time":10.0320255279541,"sort-time":0.0}
