{"M":113891327,"N":1139905,"convert-time":1154.150390625,"graph_name":"write_reorder2_hollywood-2009","run-time":3.046502423286438,"sort-time":13288.0791015625}
