{"M":1955352,"N":299067,"convert-time":16.887807846069336,"graph_name":"coAuthorsDBLP.mtx.RCM","run-time":0.3910655930638313,"sort-time":119.88275146484375}
