{"M":50331568,"N":8388608,"convert-time":988.5919799804688,"graph_name":"delaunay_n23.deg","run-time":8.479334497451783,"sort-time":0.0}
