{"M":212698418,"N":2997166,"convert-time":2028.3770751953125,"graph_name":"soc-orkut.hub","run-time":7.099391984939575,"sort-time":26149.626953125}
