{"M":113891327,"N":1139905,"convert-time":1182.35546875,"graph_name":"hollywood-2009.edgeW3","run-time":3.969740867614746,"sort-time":14429.28515625}
