{"M":265114400,"N":16777216,"convert-time":18200.359375,"graph_name":"rgg_n_2_24_s0.rand","run-time":48.578867721557614,"sort-time":0.0}
