{"M":16313034,"N":7733822,"convert-time":524.0980224609375,"graph_name":"great-britain_osm.gorder","run-time":1.968230402469635,"sort-time":0.0}
