{"M":25165738,"N":4194304,"convert-time":258.113525390625,"graph_name":"write_reorder2_delaunay_n22","run-time":1.1400191903114318,"sort-time":2934.134765625}
