{"M":265114400,"N":16777216,"convert-time":2814.44873046875,"graph_name":"rgg_n_2_24_s0.chub","run-time":48.071781921386716,"sort-time":33307.796875}
