{"M":631153669,"N":22744080,"convert-time":6614.15625,"graph_name":"arabic-2005.hub","run-time":39.904972839355466,"sort-time":98800.9140625}
