{"M":127002786,"N":8388608,"convert-time":1220.135986328125,"graph_name":"rgg_n_2_23_s0.edgeW3","run-time":3.8114304304122926,"sort-time":13218.0302734375}
