{"M":0,"N":1,"convert-time":0.9820160269737244,"graph_name":"soc-orkut.rand","run-time":0.3441664036363363,"sort-time":0.005119999870657921}
