{"M":212698418,"N":2997166,"convert-time":8834.0888671875,"graph_name":"write_reorder2_soc-orkut","run-time":9.725747108459473,"sort-time":0.0}
