{"M":127002786,"N":8388608,"convert-time":1321.112548828125,"graph_name":"rgg_n_2_23_s0.hub","run-time":19.408896064758302,"sort-time":15092.4912109375}
