{"M":127002786,"N":8388608,"convert-time":8000.30712890625,"graph_name":"rgg_n_2_23_s0.rand","run-time":19.412172889709474,"sort-time":0.0}
