{"M":127002786,"N":8388608,"convert-time":1209.3572998046875,"graph_name":"rgg_n_2_23_s0.rand","run-time":7.200870418548584,"sort-time":16080.48046875}
