{"M":57708624,"N":23947347,"convert-time":652.0504150390625,"graph_name":"road_usa.chub","run-time":14.783078384399413,"sort-time":5819.4423828125}
