{"M":212698418,"N":2997166,"convert-time":2256.468994140625,"graph_name":"soc-orkut.rand","run-time":16.2248703956604,"sort-time":40751.1640625}
