{"M":1628268,"N":227320,"convert-time":11.502592086791992,"graph_name":"coAuthorsCiteseer.chub","run-time":0.3832831919193268,"sort-time":129.9517364501953}
