{"M":106349209,"N":2997166,"convert-time":1003.3275146484375,"graph_name":"soc-orkut.gorder","run-time":3.124838376045227,"sort-time":6241.646484375}
