{"M":60718396,"N":4194304,"convert-time":1028.197998046875,"graph_name":"rgg_n_2_22_s0.hub","run-time":7.175475120544434,"sort-time":0.0}
