{"M":1955352,"N":299067,"convert-time":17.932287216186523,"graph_name":"coAuthorsDBLP.edgeW3","run-time":0.3959808021783829,"sort-time":129.7909698486328}
