{"M":60718396,"N":4194304,"convert-time":1126.0150146484375,"graph_name":"rgg_n_2_22_s0.gorder","run-time":2.377011168003082,"sort-time":0.0}
