{"M":265114400,"N":16777216,"convert-time":2705.186767578125,"graph_name":"rgg_n_2_24_s0.chub","run-time":20.92953586578369,"sort-time":20148.79296875}
