{"M":25165738,"N":4194304,"convert-time":260.32537841796875,"graph_name":"delaunay_n22.mtx.RCM","run-time":1.09342719912529,"sort-time":2750.62060546875}
