{"M":1628268,"N":227320,"convert-time":14.15782356262207,"graph_name":"coAuthorsCiteseer.gorder","run-time":0.3810304060578346,"sort-time":56.583168029785156}
