{"M":57708624,"N":23947347,"convert-time":6814.212890625,"graph_name":"road_usa.rand","run-time":12.742553615570069,"sort-time":0.0}
