{"M":68993773,"N":4847571,"convert-time":746.1621704101563,"graph_name":"soc-LiveJournal1.rand","run-time":7.876812839508057,"sort-time":13312.8251953125}
