{"M":182082942,"N":2097152,"convert-time":12876.0830078125,"graph_name":"kron_g500-logn21.mtx.RCM","run-time":6.045081663131714,"sort-time":0.0}
