{"M":89239674,"N":1048576,"convert-time":971.7166137695313,"graph_name":"kron_g500-logn20.edgeW3","run-time":2.4544256210327147,"sort-time":16707.76953125}
