{"M":1628268,"N":227320,"convert-time":11.407360076904297,"graph_name":"coAuthorsCiteseer.edgeW3","run-time":0.36055041328072546,"sort-time":184.0906219482422}
