{"M":16313034,"N":7733822,"convert-time":190.0113983154297,"graph_name":"great-britain_osm.hub","run-time":3.020800018310547,"sort-time":1349.2572021484375}
