{"M":631153669,"N":22744080,"convert-time":6096.103515625,"graph_name":"arabic-2005.hub","run-time":31.233535957336425,"sort-time":60752.28125}
