{"M":112751422,"N":1139905,"convert-time":1181.0406494140625,"graph_name":"hollywood-2009.gorder","run-time":2.9117440223693847,"sort-time":6918.71337890625}
