{"M":68993773,"N":4847571,"convert-time":720.7341918945313,"graph_name":"soc-LiveJournal1.deg","run-time":4.26403841972351,"sort-time":11118.154296875}
