{"M":212698418,"N":2997166,"convert-time":2250.437744140625,"graph_name":"soc-orkut.hub","run-time":11.716096019744873,"sort-time":37390.8046875}
