{"M":127002786,"N":8388608,"convert-time":1324.6658935546875,"graph_name":"rgg_n_2_23_s0.mtx.RCM","run-time":3.254476761817932,"sort-time":16965.931640625}
