{"M":60718396,"N":4194304,"convert-time":606.4906005859375,"graph_name":"rgg_n_2_22_s0.gorder","run-time":1.9899391770362853,"sort-time":3468.715087890625}
