{"M":77991514,"N":5363260,"convert-time":1331.260986328125,"graph_name":"ljournal-2008.gorder","run-time":3.696639966964722,"sort-time":0.0}
