{"M":57708624,"N":23947347,"convert-time":1320.615966796875,"graph_name":"write_reorder2_road_usa","run-time":3.7049343824386596,"sort-time":0.0}
