{"M":60718396,"N":4194304,"convert-time":585.1566162109375,"graph_name":"rgg_n_2_22_s0.edgeW3","run-time":2.0584448099136354,"sort-time":5848.7724609375}
