{"M":25165738,"N":4194304,"convert-time":264.6446228027344,"graph_name":"delaunay_n22.chub","run-time":3.062272000312805,"sort-time":2429.138916015625}
