{"M":631153669,"N":22744080,"convert-time":8380.8583984375,"graph_name":"arabic-2005.hub","run-time":42.90570297241211,"sort-time":0.0}
