{"M":112751422,"N":1107243,"convert-time":1700.8809814453125,"graph_name":"hollywood-2009.deg","run-time":3.6279296398162844,"sort-time":0.0}
