{"M":631153669,"N":22744080,"convert-time":8579.2841796875,"graph_name":"arabic-2005.gorder","run-time":15.811583995819092,"sort-time":0.0}
