{"M":89239674,"N":1048576,"convert-time":4895.7939453125,"graph_name":"kron_g500-logn20.rand","run-time":3.482521629333496,"sort-time":0.0}
