{"M":16313034,"N":7733822,"convert-time":148.58444213867188,"graph_name":"great-britain_osm.hub","run-time":1.2940288066864014,"sort-time":781.1819458007813}
