{"M":100663202,"N":16777216,"convert-time":1606.6080322265625,"graph_name":"delaunay_n24.hub","run-time":19.11203842163086,"sort-time":0.0}
