{"M":631153669,"N":22744080,"convert-time":6675.55859375,"graph_name":"arabic-2005.chub","run-time":76.15641632080079,"sort-time":88823.3203125}
