{"M":16313034,"N":7733822,"convert-time":466.3139953613281,"graph_name":"great-britain_osm.mtx.RCM","run-time":1.2943360149860381,"sort-time":0.0}
