{"M":112751422,"N":1139905,"convert-time":1775.364990234375,"graph_name":"hollywood-2009.hub","run-time":4.042547178268433,"sort-time":0.0}
