{"M":16313034,"N":7733822,"convert-time":147.81747436523438,"graph_name":"great-britain_osm.rand","run-time":1.3145087957382202,"sort-time":1824.1934814453125}
