{"M":127002786,"N":8388607,"convert-time":1216.406494140625,"graph_name":"rgg_n_2_23_s0.deg","run-time":5.493452835083008,"sort-time":9124.6181640625}
