{"M":112751422,"N":1139905,"convert-time":1187.894287109375,"graph_name":"hollywood-2009.hub","run-time":4.311551976203918,"sort-time":15757.6181640625}
