{"M":1628268,"N":227320,"convert-time":14.135295867919922,"graph_name":"coAuthorsCiteseer.chub","run-time":0.4037631943821907,"sort-time":60.9699821472168}
