{"M":127002786,"N":8388608,"convert-time":1317.818359375,"graph_name":"rgg_n_2_23_s0.gorder","run-time":3.8717440366744995,"sort-time":13494.2744140625}
