{"M":57708624,"N":23947347,"convert-time":1154.8330078125,"graph_name":"road_usa.gorder","run-time":3.7086175680160522,"sort-time":0.0}
