{"M":100663202,"N":16777216,"convert-time":959.9344482421875,"graph_name":"delaunay_n24.chub","run-time":8.550195217132568,"sort-time":7043.15185546875}
