{"M":265114400,"N":16777216,"convert-time":3988.677978515625,"graph_name":"rgg_n_2_24_s0.gorder","run-time":7.753625583648682,"sort-time":0.0}
