{"M":16313034,"N":7733822,"convert-time":193.25747680664063,"graph_name":"great-britain_osm.rand","run-time":3.4983936548233032,"sort-time":2384.237548828125}
