{"M":127002786,"N":8388608,"convert-time":1924.77099609375,"graph_name":"rgg_n_2_23_s0.mtx.RCM","run-time":4.072345542907715,"sort-time":0.0}
