{"M":265114400,"N":16777216,"convert-time":2589.180908203125,"graph_name":"rgg_n_2_24_s0.mtx.RCM","run-time":8.351129531860352,"sort-time":24409.74609375}
