{"M":182082942,"N":2097152,"convert-time":1887.9979248046875,"graph_name":"kron_g500-logn21.rand","run-time":6.143795204162598,"sort-time":27508.75390625}
