{"M":127002786,"N":8388608,"convert-time":2877.7041015625,"graph_name":"write_reorder2_rgg_n_2_23_s0","run-time":3.914854407310486,"sort-time":0.0}
