{"M":60718396,"N":4194301,"convert-time":590.0185546875,"graph_name":"rgg_n_2_22_s0.deg","run-time":2.380288028717041,"sort-time":4068.14404296875}
