{"M":89238804,"N":1048576,"convert-time":949.855224609375,"graph_name":"kron_g500-logn20.chub","run-time":3.01977596282959,"sort-time":10220.3076171875}
