{"M":265114400,"N":16777216,"convert-time":6276.04296875,"graph_name":"write_reorder2_rgg_n_2_24_s0","run-time":8.822988748550415,"sort-time":0.0}
