{"M":182081864,"N":2097152,"convert-time":1910.9427490234375,"graph_name":"kron_g500-logn21.gorder","run-time":5.492633533477783,"sort-time":13261.4150390625}
