{"M":77991514,"N":5363260,"convert-time":1274.1669921875,"graph_name":"ljournal-2008.hub","run-time":6.277324867248535,"sort-time":0.0}
