{"M":57708624,"N":23947347,"convert-time":555.0069580078125,"graph_name":"road_usa.deg","run-time":5.835468721389771,"sort-time":3484.032958984375}
