{"M":79023142,"N":5363260,"convert-time":805.6463623046875,"graph_name":"ljournal-2008.deg","run-time":2.7743232011795045,"sort-time":9416.4736328125}
