{"M":79023142,"N":5363260,"convert-time":843.5445556640625,"graph_name":"ljournal-2008.mtx.RCM","run-time":3.7091328144073485,"sort-time":11907.7294921875}
