{"M":68475391,"N":4846608,"convert-time":719.44189453125,"graph_name":"soc-LiveJournal1.gorder","run-time":2.9658112049102785,"sort-time":7062.38134765625}
