{"M":57708624,"N":23947347,"convert-time":568.3824462890625,"graph_name":"write_reorder2_road_usa","run-time":2.981375980377197,"sort-time":4551.0654296875}
