{"M":100663202,"N":16777216,"convert-time":1001.9583740234375,"graph_name":"delaunay_n24.rand","run-time":9.750630378723145,"sort-time":13088.466796875}
