{"M":631153669,"N":22744080,"convert-time":6017.80224609375,"graph_name":"arabic-2005.gorder","run-time":13.768908977508545,"sort-time":54748.88671875}
