{"M":68993773,"N":4847571,"convert-time":6207.30322265625,"graph_name":"soc-LiveJournal1.deg","run-time":4.4907519817352295,"sort-time":0.0}
