{"M":631153669,"N":22744080,"convert-time":6624.77392578125,"graph_name":"arabic-2005.gorder","run-time":13.389209747314453,"sort-time":85170.0625}
