{"M":265114400,"N":16777216,"convert-time":2630.54443359375,"graph_name":"rgg_n_2_24_s0.edgeW3","run-time":8.67000322341919,"sort-time":29546.751953125}
