{"M":631153669,"N":22744080,"convert-time":6174.544921875,"graph_name":"arabic-2005.chub","run-time":39.090687942504886,"sort-time":57695.61328125}
