{"M":50331568,"N":8388608,"convert-time":511.3681945800781,"graph_name":"delaunay_n23.rand","run-time":8.609177684783935,"sort-time":7913.14306640625}
