{"M":60718396,"N":4194304,"convert-time":622.0738525390625,"graph_name":"rgg_n_2_22_s0.gorder","run-time":1.933619201183319,"sort-time":5639.9287109375}
