{"M":79023142,"N":5363260,"convert-time":5253.71484375,"graph_name":"ljournal-2008.mtx.RCM","run-time":3.9133183479309084,"sort-time":0.0}
