{"M":265114400,"N":16777215,"convert-time":2498.150390625,"graph_name":"rgg_n_2_24_s0.deg","run-time":19.2613374710083,"sort-time":20335.439453125}
