{"M":182081864,"N":2097152,"convert-time":1969.5882568359375,"graph_name":"kron_g500-logn21.chub","run-time":5.932236766815185,"sort-time":23008.626953125}
