{"M":100663202,"N":16777216,"convert-time":962.71875,"graph_name":"delaunay_n24.edgeW3","run-time":3.57816321849823,"sort-time":9602.642578125}
