{"M":79023142,"N":5363260,"convert-time":803.0986328125,"graph_name":"ljournal-2008.mtx.RCM","run-time":2.655334401130676,"sort-time":9101.3203125}
