{"M":100663202,"N":16777216,"convert-time":1555.780029296875,"graph_name":"delaunay_n24.deg","run-time":18.558361625671388,"sort-time":0.0}
