{"M":182082942,"N":2097152,"convert-time":10042.7392578125,"graph_name":"kron_g500-logn21.rand","run-time":9.862655925750733,"sort-time":0.0}
