{"M":89239674,"N":1048576,"convert-time":935.2499389648438,"graph_name":"write_reorder2_kron_g500-logn20","run-time":2.9024256229400636,"sort-time":12320.82421875}
