{"M":25165738,"N":4194304,"convert-time":1602.3759765625,"graph_name":"delaunay_n22.rand","run-time":4.013568019866943,"sort-time":0.0}
