{"M":100663202,"N":16777216,"convert-time":1091.2747802734375,"graph_name":"delaunay_n24.chub","run-time":19.467468643188475,"sort-time":11290.9892578125}
