{"M":100663202,"N":16777216,"convert-time":1074.6317138671875,"graph_name":"write_reorder2_delaunay_n24","run-time":4.921241569519043,"sort-time":13641.0244140625}
