{"M":57708624,"N":23947347,"convert-time":1099.7919921875,"graph_name":"road_usa.deg","run-time":12.159180736541748,"sort-time":0.0}
