{"M":50331568,"N":8388608,"convert-time":452.9479675292969,"graph_name":"write_reorder2_delaunay_n23","run-time":1.7823744416236877,"sort-time":4310.0458984375}
