{"M":57708624,"N":23947347,"convert-time":552.838134765625,"graph_name":"road_usa.hub","run-time":5.8930176258087155,"sort-time":3540.263916015625}
