{"M":50331568,"N":8388608,"convert-time":456.3998718261719,"graph_name":"delaunay_n23.chub","run-time":2.9923328399658202,"sort-time":3088.376953125}
