{"M":1955352,"N":299067,"convert-time":24.552448272705078,"graph_name":"coAuthorsDBLP.deg","run-time":3.2498688369989397,"sort-time":142.9923858642578}
