{"M":182081864,"N":1544087,"convert-time":2695.18994140625,"graph_name":"kron_g500-logn21.deg","run-time":6.417612838745117,"sort-time":0.0}
