{"M":16313034,"N":7733822,"convert-time":148.5865020751953,"graph_name":"great-britain_osm.edgeW3","run-time":1.0312703907489777,"sort-time":947.6198120117188}
