{"M":57708624,"N":23947347,"convert-time":1148.8489990234375,"graph_name":"road_usa.hub","run-time":12.418662452697754,"sort-time":0.0}
