{"M":127002786,"N":8388607,"convert-time":1311.20947265625,"graph_name":"rgg_n_2_23_s0.deg","run-time":19.909734153747557,"sort-time":15296.021484375}
