{"M":89238804,"N":1048576,"convert-time":958.57763671875,"graph_name":"kron_g500-logn20.hub","run-time":2.6116095662117003,"sort-time":8852.119140625}
