{"M":50331568,"N":8388608,"convert-time":996.635009765625,"graph_name":"delaunay_n23.hub","run-time":8.735334396362305,"sort-time":0.0}
