{"M":1628268,"N":227320,"convert-time":9.690112113952637,"graph_name":"coAuthorsCiteseer.mtx.RCM","run-time":0.3292159900069237,"sort-time":137.064453125}
