{"M":1628268,"N":227320,"convert-time":14.334976196289063,"graph_name":"coAuthorsCiteseer.rand","run-time":0.39813119620084764,"sort-time":143.81875610351563}
