{"M":68475391,"N":4847571,"convert-time":702.0984497070313,"graph_name":"soc-LiveJournal1.hub","run-time":2.705305588245392,"sort-time":5590.033203125}
