{"M":68475391,"N":4847571,"convert-time":735.6651611328125,"graph_name":"soc-LiveJournal1.chub","run-time":5.261414480209351,"sort-time":7670.47802734375}
