{"M":1628268,"N":227320,"convert-time":14.09228801727295,"graph_name":"coAuthorsCiteseer.hub","run-time":0.40294399559497834,"sort-time":69.1251220703125}
