{"M":212698418,"N":2997166,"convert-time":2209.181640625,"graph_name":"soc-orkut.mtx.RCM","run-time":8.76953592300415,"sort-time":34060.796875}
