{"M":113891327,"N":1139905,"convert-time":4372.35986328125,"graph_name":"hollywood-2009.rand","run-time":4.054937648773193,"sort-time":0.0}
