{"M":16313034,"N":7733822,"convert-time":148.86399841308594,"graph_name":"great-britain_osm.mtx.RCM","run-time":1.0021887838840484,"sort-time":842.3649291992188}
