{"M":25165738,"N":4194304,"convert-time":344.9978942871094,"graph_name":"delaunay_n22.edgeW3","run-time":1.4108672082424163,"sort-time":3027.162109375}
