{"M":16313034,"N":7733822,"convert-time":191.00466918945313,"graph_name":"great-britain_osm.chub","run-time":10.089881420135498,"sort-time":1324.958740234375}
