{"M":113891327,"N":1139905,"convert-time":1148.7672119140625,"graph_name":"hollywood-2009.rand","run-time":3.6960256576538084,"sort-time":14487.2373046875}
