{"M":50331568,"N":8388608,"convert-time":489.2375183105469,"graph_name":"delaunay_n23.edgeW3","run-time":1.9700735926628112,"sort-time":4317.3408203125}
