{"M":182081864,"N":1544087,"convert-time":1917.8619384765625,"graph_name":"kron_g500-logn21.deg","run-time":5.5375871658325195,"sort-time":19280.98828125}
