{"M":50331568,"N":8388608,"convert-time":536.795166015625,"graph_name":"delaunay_n23.edgeW3","run-time":2.0338687896728516,"sort-time":6436.576171875}
