{"M":639999458,"N":22744080,"convert-time":6637.23291015625,"graph_name":"write_reorder2_arabic-2005","run-time":13.353267288208007,"sort-time":97279.8828125}
