{"M":25165738,"N":4194304,"convert-time":676.9530029296875,"graph_name":"delaunay_n22.deg","run-time":3.598745608329773,"sort-time":0.0}
