{"M":639999458,"N":22744080,"convert-time":6271.912109375,"graph_name":"write_reorder2_arabic-2005","run-time":14.044262409210205,"sort-time":62588.0703125}
