{"M":77991514,"N":5363260,"convert-time":791.8428344726563,"graph_name":"ljournal-2008.gorder","run-time":2.5647104382514954,"sort-time":5432.765625}
