{"M":25165738,"N":4194304,"convert-time":242.46681213378906,"graph_name":"delaunay_n22.deg","run-time":1.3323264062404632,"sort-time":1419.8436279296875}
