{"M":639999458,"N":22744080,"convert-time":6035.38037109375,"graph_name":"arabic-2005.edgeW3","run-time":46.485299301147464,"sort-time":128719.6171875}
