{"M":100663202,"N":16777216,"convert-time":1058.018310546875,"graph_name":"delaunay_n24.deg","run-time":22.798233604431154,"sort-time":11605.55859375}
