{"M":0,"N":1,"convert-time":0.24063999950885773,"graph_name":"soc-orkut.edgeW3","run-time":0.2924544006586075,"sort-time":0.0030720001086592674}
