{"M":68475391,"N":4846608,"convert-time":702.7353515625,"graph_name":"soc-LiveJournal1.gorder","run-time":2.3559168100357057,"sort-time":4293.86865234375}
