{"M":57708624,"N":23947347,"convert-time":558.8920288085938,"graph_name":"road_usa.gorder","run-time":2.9874176025390624,"sort-time":3406.49462890625}
