{"M":50331568,"N":8388608,"convert-time":499.493896484375,"graph_name":"delaunay_n23.rand","run-time":3.0656511783599854,"sort-time":5986.47412109375}
