{"M":639999458,"N":22744080,"convert-time":56627.09375,"graph_name":"arabic-2005.rand","run-time":93.85379791259766,"sort-time":0.0}
