{"M":182082942,"N":2097152,"convert-time":7592.52294921875,"graph_name":"write_reorder2_kron_g500-logn21","run-time":6.713856029510498,"sort-time":0.0}
