{"M":265114400,"N":16777216,"convert-time":2514.28662109375,"graph_name":"rgg_n_2_24_s0.gorder","run-time":8.685977506637574,"sort-time":18481.640625}
