{"M":113891327,"N":1139905,"convert-time":5560.4931640625,"graph_name":"hollywood-2009.mtx.RCM","run-time":3.377459239959717,"sort-time":0.0}
