{"M":25165738,"N":4194304,"convert-time":235.87020874023438,"graph_name":"delaunay_n22.edgeW3","run-time":1.1673600018024444,"sort-time":1971.2952880859375}
