{"M":16313034,"N":7733822,"convert-time":553.8569946289063,"graph_name":"great-britain_osm.deg","run-time":3.262463998794556,"sort-time":0.0}
