{"M":89239674,"N":1048576,"convert-time":933.2705078125,"graph_name":"kron_g500-logn20.mtx.RCM","run-time":2.518220806121826,"sort-time":9212.01171875}
