{"M":25165738,"N":4194304,"convert-time":227.1815643310547,"graph_name":"delaunay_n22.rand","run-time":1.3321215987205506,"sort-time":2805.000244140625}
