{"M":182082942,"N":2097152,"convert-time":1882.50732421875,"graph_name":"kron_g500-logn21.mtx.RCM","run-time":5.846835279464722,"sort-time":20014.20703125}
