{"M":16313034,"N":7733822,"convert-time":147.6116485595703,"graph_name":"great-britain_osm.deg","run-time":1.282457607984543,"sort-time":769.1837158203125}
