{"M":60718396,"N":4194304,"convert-time":630.530029296875,"graph_name":"rgg_n_2_22_s0.edgeW3","run-time":1.7374208211898803,"sort-time":8281.6748046875}
