{"M":60718396,"N":4194301,"convert-time":1083.2989501953125,"graph_name":"rgg_n_2_22_s0.deg","run-time":6.680576038360596,"sort-time":0.0}
