{"M":1628268,"N":227320,"convert-time":14.225407600402832,"graph_name":"write_reorder2_coAuthorsCiteseer","run-time":0.38604799285531044,"sort-time":105.40544128417969}
