{"M":89239674,"N":1048576,"convert-time":977.8032836914063,"graph_name":"kron_g500-logn20.mtx.RCM","run-time":2.4371200084686278,"sort-time":12272.3798828125}
