{"M":89238804,"N":1048576,"convert-time":909.3079223632813,"graph_name":"kron_g500-logn20.gorder","run-time":2.569318413734436,"sort-time":5637.4375}
