{"M":57708624,"N":23947347,"convert-time":565.1660766601563,"graph_name":"road_usa.edgeW3","run-time":3.0254080295562744,"sort-time":4694.9970703125}
