{"M":639999458,"N":22744080,"convert-time":6798.36962890625,"graph_name":"arabic-2005.deg","run-time":16.251801776885987,"sort-time":91908.984375}
