{"M":89239674,"N":1048576,"convert-time":939.6561889648438,"graph_name":"kron_g500-logn20.rand","run-time":2.9642751932144167,"sort-time":12913.203125}
