{"M":0,"N":1,"convert-time":0.23756800591945648,"graph_name":"soc-orkut.chub","run-time":0.2656256042420864,"sort-time":0.002047999994829297}
