{"M":68993773,"N":4847571,"convert-time":4619.3759765625,"graph_name":"soc-LiveJournal1.mtx.RCM","run-time":3.5483648061752318,"sort-time":0.0}
