{"M":79023142,"N":5363260,"convert-time":833.5615844726563,"graph_name":"ljournal-2008.edgeW3","run-time":9.277440071105957,"sort-time":14408.0078125}
