{"M":79023142,"N":5363260,"convert-time":5663.26220703125,"graph_name":"ljournal-2008.deg","run-time":4.461568021774292,"sort-time":0.0}
