{"M":68475391,"N":4847571,"convert-time":713.038818359375,"graph_name":"soc-LiveJournal1.hub","run-time":4.904243278503418,"sort-time":8445.3515625}
