{"M":265114400,"N":16777216,"convert-time":2819.29736328125,"graph_name":"rgg_n_2_24_s0.hub","run-time":43.744153594970705,"sort-time":35140.61328125}
