{"M":25165738,"N":4194304,"convert-time":244.59674072265625,"graph_name":"delaunay_n22.mtx.RCM","run-time":1.136947226524353,"sort-time":1773.1461181640625}
