{"M":89238804,"N":795241,"convert-time":950.5740966796875,"graph_name":"kron_g500-logn20.deg","run-time":2.579353594779968,"sort-time":8682.3564453125}
