{"M":100663202,"N":16777216,"convert-time":953.8048095703125,"graph_name":"delaunay_n24.gorder","run-time":3.504435181617737,"sort-time":6669.1162109375}
