{"M":25165738,"N":4194304,"convert-time":243.07814025878906,"graph_name":"delaunay_n22.hub","run-time":1.332428777217865,"sort-time":1423.63134765625}
