{"M":50331568,"N":8388608,"convert-time":1001.3380126953125,"graph_name":"delaunay_n23.mtx.RCM","run-time":2.513715183734894,"sort-time":0.0}
