{"M":57708624,"N":23947347,"convert-time":667.9091186523438,"graph_name":"road_usa.hub","run-time":11.91249942779541,"sort-time":5955.625}
