{"M":57708624,"N":23947347,"convert-time":662.7676391601563,"graph_name":"road_usa.rand","run-time":14.739967727661133,"sort-time":9812.1884765625}
