{"M":1955352,"N":299067,"convert-time":12.430335998535156,"graph_name":"write_reorder2_coAuthorsDBLP","run-time":0.48291839361190797,"sort-time":232.8289337158203}
