{"M":16313034,"N":7733822,"convert-time":495.0849914550781,"graph_name":"great-britain_osm.hub","run-time":3.876147222518921,"sort-time":0.0}
