{"M":60718396,"N":4194304,"convert-time":1082.342041015625,"graph_name":"rgg_n_2_22_s0.mtx.RCM","run-time":1585.3320434570312,"sort-time":0.0}
