{"M":60718396,"N":4194304,"convert-time":619.7554931640625,"graph_name":"write_reorder2_rgg_n_2_22_s0","run-time":688.8957458496094,"sort-time":8628.2529296875}
