{"M":182082942,"N":2097152,"convert-time":1884.042236328125,"graph_name":"write_reorder2_kron_g500-logn21","run-time":80.94566421508789,"sort-time":26534.009765625}
