{"M":68993773,"N":4847571,"convert-time":6393.22021484375,"graph_name":"soc-LiveJournal1.deg","run-time":37.133043479919436,"sort-time":0.0}
