{"M":265114400,"N":16777215,"convert-time":3754.740966796875,"graph_name":"rgg_n_2_24_s0.deg","run-time":2198.7415161132813,"sort-time":0.0010000000474974513}
