{"M":50331568,"N":8388608,"convert-time":516.4718017578125,"graph_name":"delaunay_n23.chub","run-time":701.1923645019531,"sort-time":5145.43212890625}
