{"M":68993773,"N":4847571,"convert-time":716.8460693359375,"graph_name":"soc-LiveJournal1.edgeW3","run-time":36.484300994873045,"sort-time":10740.4443359375}
