{"M":25165738,"N":4194304,"convert-time":627.1300048828125,"graph_name":"delaunay_n22.mtx.RCM","run-time":970.711181640625,"sort-time":0.0}
