{"M":57708624,"N":23947347,"convert-time":544.743408203125,"graph_name":"road_usa.deg","run-time":3736.5621337890625,"sort-time":3483.111328125}
