{"M":57708624,"N":23947347,"convert-time":567.0215454101563,"graph_name":"road_usa.mtx.RCM","run-time":3197.644384765625,"sort-time":4091.595703125}
