{"M":1628268,"N":227320,"convert-time":15.130623817443848,"graph_name":"coAuthorsCiteseer.rand","run-time":2.990284824371338,"sort-time":145.50015258789063}
