{"M":89238804,"N":795241,"convert-time":1520.282958984375,"graph_name":"kron_g500-logn20.deg","run-time":25.199907112121583,"sort-time":0.0}
