{"M":25165738,"N":4194304,"convert-time":226.67674255371094,"graph_name":"write_reorder2_delaunay_n22","run-time":354.29160766601564,"sort-time":1975.4404296875}
