{"M":50331568,"N":8388608,"convert-time":895.2890014648438,"graph_name":"delaunay_n23.mtx.RCM","run-time":707.1072875976563,"sort-time":0.0}
