{"M":50331568,"N":8388608,"convert-time":461.9519958496094,"graph_name":"delaunay_n23.mtx.RCM","run-time":506.52374877929685,"sort-time":3924.254638671875}
