{"M":25165738,"N":4194304,"convert-time":651.2260131835938,"graph_name":"write_reorder2_delaunay_n22","run-time":965.8644836425781,"sort-time":0.0}
