{"M":100663202,"N":16777216,"convert-time":991.0323486328125,"graph_name":"delaunay_n24.chub","run-time":751.971533203125,"sort-time":6954.70166015625}
