{"M":127002786,"N":8388608,"convert-time":1208.7296142578125,"graph_name":"rgg_n_2_23_s0.edgeW3","run-time":718.9887939453125,"sort-time":13000.0087890625}
