{"M":16313034,"N":7733822,"convert-time":147.46009826660156,"graph_name":"great-britain_osm.hub","run-time":3090.0581298828124,"sort-time":776.31591796875}
