{"M":182081864,"N":1544087,"convert-time":2741.448974609375,"graph_name":"kron_g500-logn21.deg","run-time":42.3943868637085,"sort-time":0.0}
