{"M":113891327,"N":1139905,"convert-time":1214.5059814453125,"graph_name":"hollywood-2009.edgeW3","run-time":20.705001640319825,"sort-time":19295.92578125}
