{"M":50331568,"N":8388608,"convert-time":480.09625244140625,"graph_name":"delaunay_n23.chub","run-time":513.5234100341797,"sort-time":3096.161376953125}
