{"M":631153669,"N":22744080,"convert-time":8706.0859375,"graph_name":"arabic-2005.gorder","run-time":9.923555278778077,"sort-time":0.0}
