{"M":50331568,"N":8388608,"convert-time":481.2748718261719,"graph_name":"delaunay_n23.edgeW3","run-time":506.9011962890625,"sort-time":4324.75341796875}
