{"M":16313034,"N":7733822,"convert-time":149.2981719970703,"graph_name":"great-britain_osm.gorder","run-time":3682.5528076171877,"sort-time":741.9668579101563}
