{"M":25165738,"N":4194304,"convert-time":225.9435577392578,"graph_name":"delaunay_n22.mtx.RCM","run-time":354.1871612548828,"sort-time":1804.063720703125}
