{"M":212698418,"N":2997166,"convert-time":8730.1181640625,"graph_name":"write_reorder2_soc-orkut","run-time":54.17664680480957,"sort-time":0.0}
