{"M":16313034,"N":7733822,"convert-time":148.41958618164063,"graph_name":"write_reorder2_great-britain_osm","run-time":3076.0806396484377,"sort-time":911.8341064453125}
