{"M":127002786,"N":8388608,"convert-time":1313.52880859375,"graph_name":"rgg_n_2_23_s0.gorder","run-time":809.8482299804688,"sort-time":13268.79296875}
