{"M":57708624,"N":23947347,"convert-time":1044.31103515625,"graph_name":"road_usa.gorder","run-time":8956.52421875,"sort-time":0.0}
