{"M":1955352,"N":299067,"convert-time":13.214719772338867,"graph_name":"coAuthorsDBLP.chub","run-time":2.2949856519699097,"sort-time":145.56568908691406}
