{"M":182081864,"N":2097152,"convert-time":1934.6513671875,"graph_name":"kron_g500-logn21.gorder","run-time":222.25039367675782,"sort-time":12850.533203125}
