{"M":265114400,"N":16777216,"convert-time":2706.3818359375,"graph_name":"rgg_n_2_24_s0.hub","run-time":1178.9213256835938,"sort-time":34777.25}
