{"M":25165738,"N":4194304,"convert-time":265.7208251953125,"graph_name":"delaunay_n22.mtx.RCM","run-time":429.3995758056641,"sort-time":2745.8662109375}
