{"M":639999458,"N":22744080,"convert-time":16478.19921875,"graph_name":"write_reorder2_arabic-2005","run-time":19.330854654312134,"sort-time":0.0}
