{"M":100663202,"N":16777216,"convert-time":1048.84423828125,"graph_name":"delaunay_n24.edgeW3","run-time":857.16904296875,"sort-time":13972.130859375}
