{"M":182081864,"N":2097152,"convert-time":1904.57861328125,"graph_name":"kron_g500-logn21.hub","run-time":223.70324249267577,"sort-time":19032.8515625}
