{"M":182082942,"N":2097152,"convert-time":1908.16455078125,"graph_name":"write_reorder2_kron_g500-logn21","run-time":26.33075828552246,"sort-time":34722.51171875}
