{"M":50331568,"N":8388608,"convert-time":874.22802734375,"graph_name":"delaunay_n23.deg","run-time":1354.6509521484375,"sort-time":0.0}
