{"M":57708624,"N":23947347,"convert-time":711.783447265625,"graph_name":"road_usa.deg","run-time":5235.139306640625,"sort-time":6076.037109375}
