{"M":1628268,"N":227320,"convert-time":23.403520584106445,"graph_name":"write_reorder2_coAuthorsCiteseer","run-time":2.543232035636902,"sort-time":153.79148864746094}
