{"M":60718396,"N":4194304,"convert-time":573.7041625976563,"graph_name":"rgg_n_2_22_s0.hub","run-time":646.0461059570313,"sort-time":4141.86181640625}
