{"M":265114400,"N":16777216,"convert-time":4026.912109375,"graph_name":"rgg_n_2_24_s0.gorder","run-time":3031.7433471679688,"sort-time":0.0}
