{"M":16313034,"N":7733822,"convert-time":149.02169799804688,"graph_name":"great-britain_osm.rand","run-time":3702.17626953125,"sort-time":1824.321533203125}
