{"M":182081864,"N":2097152,"convert-time":1934.2694091796875,"graph_name":"kron_g500-logn21.chub","run-time":56.471449279785155,"sort-time":13754.1474609375}
