{"M":639999458,"N":22744080,"convert-time":6066.71875,"graph_name":"arabic-2005.edgeW3","run-time":12.148838424682618,"sort-time":128715.796875}
