{"M":50331568,"N":8388608,"convert-time":3253.7041015625,"graph_name":"delaunay_n23.rand","run-time":1327.184814453125,"sort-time":0.0}
