{"M":0,"N":1,"convert-time":0.9441279768943787,"graph_name":"soc-orkut.chub","run-time":0.36249599419534206,"sort-time":0.006144000217318535}
