{"M":25165738,"N":4194304,"convert-time":264.06298828125,"graph_name":"delaunay_n22.gorder","run-time":444.33299255371094,"sort-time":2236.619873046875}
