{"M":68993773,"N":4847571,"convert-time":705.1233520507813,"graph_name":"soc-LiveJournal1.mtx.RCM","run-time":37.84796142578125,"sort-time":7812.22900390625}
