{"M":89239674,"N":1048576,"convert-time":4920.8291015625,"graph_name":"kron_g500-logn20.rand","run-time":21.184521770477296,"sort-time":0.0}
