{"M":212698418,"N":2997166,"convert-time":1984.2017822265625,"graph_name":"soc-orkut.deg","run-time":59.3847297668457,"sort-time":26057.05859375}
