{"M":127002786,"N":8388607,"convert-time":1336.405029296875,"graph_name":"rgg_n_2_23_s0.deg","run-time":826.6565063476562,"sort-time":16042.455078125}
