{"M":79023142,"N":5363260,"convert-time":801.7428588867188,"graph_name":"ljournal-2008.deg","run-time":54.78021125793457,"sort-time":9348.736328125}
