{"M":631153669,"N":22744080,"convert-time":6255.9169921875,"graph_name":"arabic-2005.gorder","run-time":12.253184127807618,"sort-time":51298.671875}
