{"M":60718396,"N":4194304,"convert-time":1039.9189453125,"graph_name":"rgg_n_2_22_s0.hub","run-time":1652.940869140625,"sort-time":0.0}
