{"M":79023142,"N":5363260,"convert-time":779.767822265625,"graph_name":"ljournal-2008.mtx.RCM","run-time":53.772185516357425,"sort-time":8922.83984375}
