{"M":127002786,"N":8388608,"convert-time":7835.31396484375,"graph_name":"rgg_n_2_23_s0.rand","run-time":1238.4307861328125,"sort-time":0.0}
