{"M":60718396,"N":4194304,"convert-time":1448.1519775390625,"graph_name":"write_reorder2_rgg_n_2_22_s0","run-time":1393.424267578125,"sort-time":0.0}
