{"M":212698418,"N":2997166,"convert-time":2137.777099609375,"graph_name":"soc-orkut.mtx.RCM","run-time":58.590719604492186,"sort-time":26394.86328125}
