{"M":57708624,"N":23947347,"convert-time":687.7348022460938,"graph_name":"road_usa.mtx.RCM","run-time":3992.1813232421873,"sort-time":6834.47314453125}
