{"M":57708624,"N":23947347,"convert-time":645.6575927734375,"graph_name":"road_usa.rand","run-time":4312.918359375,"sort-time":9779.30859375}
