{"M":1628268,"N":227320,"convert-time":15.007743835449219,"graph_name":"write_reorder2_coAuthorsCiteseer","run-time":2.8916736125946043,"sort-time":112.83455657958984}
