{"M":50331568,"N":8388608,"convert-time":524.99560546875,"graph_name":"delaunay_n23.hub","run-time":720.8661010742187,"sort-time":5356.228515625}
