{"M":57708624,"N":23947347,"convert-time":518.0907592773438,"graph_name":"road_usa.rand","run-time":3232.813037109375,"sort-time":7632.3603515625}
