{"M":0,"N":1,"convert-time":0.9379839897155762,"graph_name":"soc-orkut.rand","run-time":0.36218879260122777,"sort-time":0.005119999870657921}
