{"M":50331568,"N":8388608,"convert-time":451.0494689941406,"graph_name":"delaunay_n23.rand","run-time":513.6875518798828,"sort-time":5835.09912109375}
