{"M":1628268,"N":227320,"convert-time":9.499648094177246,"graph_name":"coAuthorsCiteseer.hub","run-time":2.665500807762146,"sort-time":116.37452697753906}
