{"M":77991514,"N":5363260,"convert-time":1294.9210205078125,"graph_name":"ljournal-2008.hub","run-time":72.88933219909669,"sort-time":0.0}
