{"M":25165738,"N":4194304,"convert-time":626.6309814453125,"graph_name":"delaunay_n22.deg","run-time":995.021044921875,"sort-time":0.0}
