{"M":68993773,"N":4847571,"convert-time":700.2941284179688,"graph_name":"soc-LiveJournal1.deg","run-time":38.373376083374026,"sort-time":8976.0283203125}
