{"M":25165738,"N":4194304,"convert-time":254.29913330078125,"graph_name":"delaunay_n22.edgeW3","run-time":449.3134307861328,"sort-time":3001.535400390625}
