{"M":1628268,"N":227320,"convert-time":15.211520195007324,"graph_name":"coAuthorsCiteseer.edgeW3","run-time":2.9273088216781615,"sort-time":100.3141098022461}
