{"M":106349209,"N":2997166,"convert-time":1001.8303833007813,"graph_name":"soc-orkut.gorder","run-time":57.307135581970215,"sort-time":6748.6875}
