{"M":68993773,"N":4847571,"convert-time":734.6104125976563,"graph_name":"write_reorder2_soc-LiveJournal1","run-time":25.52173728942871,"sort-time":12054.9501953125}
