{"M":127002786,"N":8388608,"convert-time":1323.7811279296875,"graph_name":"rgg_n_2_23_s0.chub","run-time":845.3089904785156,"sort-time":15068.4453125}
