{"M":1955352,"N":299067,"convert-time":12.001279830932617,"graph_name":"coAuthorsDBLP.rand","run-time":2.401907181739807,"sort-time":255.6108856201172}
