{"M":16313034,"N":7733822,"convert-time":530.1209716796875,"graph_name":"great-britain_osm.hub","run-time":8558.39560546875,"sort-time":0.0}
