{"M":182081864,"N":1544087,"convert-time":1928.14794921875,"graph_name":"kron_g500-logn21.deg","run-time":21.920351600646974,"sort-time":28649.259765625}
