{"M":639999458,"N":22744080,"convert-time":6826.1650390625,"graph_name":"arabic-2005.edgeW3","run-time":5.709580802917481,"sort-time":160150.390625}
