{"M":89239674,"N":1048576,"convert-time":976.3624877929688,"graph_name":"kron_g500-logn20.mtx.RCM","run-time":19.229676818847658,"sort-time":12617.2294921875}
