{"M":100663202,"N":16777216,"convert-time":1053.50146484375,"graph_name":"delaunay_n24.hub","run-time":973.6651794433594,"sort-time":11710.28515625}
