{"M":631153669,"N":22744080,"convert-time":5979.978515625,"graph_name":"arabic-2005.chub","run-time":12.280524826049804,"sort-time":54954.6796875}
