{"M":68993773,"N":4847571,"convert-time":768.5304565429688,"graph_name":"soc-LiveJournal1.rand","run-time":31.96432285308838,"sort-time":13667.462890625}
