{"M":112751422,"N":1139905,"convert-time":1177.3460693359375,"graph_name":"hollywood-2009.gorder","run-time":18.57718734741211,"sort-time":11310.6416015625}
