{"M":68993773,"N":4847571,"convert-time":742.0498046875,"graph_name":"soc-LiveJournal1.edgeW3","run-time":34.1484899520874,"sort-time":13561.4365234375}
