{"M":639999458,"N":22744080,"convert-time":6714.23779296875,"graph_name":"arabic-2005.rand","run-time":10.363196754455567,"sort-time":121342.7421875}
