{"M":639999458,"N":22744080,"convert-time":6768.95849609375,"graph_name":"write_reorder2_arabic-2005","run-time":7.997929573059082,"sort-time":96960.1953125}
