{"M":89239674,"N":1048576,"convert-time":935.0574340820313,"graph_name":"kron_g500-logn20.rand","run-time":32.50053157806396,"sort-time":12844.0302734375}
