{"M":57708624,"N":23947347,"convert-time":542.887939453125,"graph_name":"road_usa.chub","run-time":3231.7427978515625,"sort-time":3468.86962890625}
