{"M":25165738,"N":4194304,"convert-time":226.61016845703125,"graph_name":"delaunay_n22.edgeW3","run-time":354.6756134033203,"sort-time":1972.854736328125}
