{"M":57708624,"N":23947347,"convert-time":557.5270385742188,"graph_name":"road_usa.hub","run-time":3732.2586181640627,"sort-time":3504.36962890625}
