{"M":57708624,"N":23947347,"convert-time":6929.876953125,"graph_name":"road_usa.rand","run-time":8595.0765625,"sort-time":0.0}
