{"M":1955352,"N":299067,"convert-time":18.061311721801758,"graph_name":"coAuthorsDBLP.gorder","run-time":2.5432064294815064,"sort-time":64.58879852294922}
