{"M":68993773,"N":4847571,"convert-time":666.208251953125,"graph_name":"soc-LiveJournal1.rand","run-time":36.528025245666505,"sort-time":10712.142578125}
