{"M":79023142,"N":5363260,"convert-time":5731.44189453125,"graph_name":"ljournal-2008.deg","run-time":78.39471626281738,"sort-time":0.0}
