{"M":79023142,"N":5363260,"convert-time":844.2910766601563,"graph_name":"ljournal-2008.rand","run-time":48.87414398193359,"sort-time":14630.72265625}
