{"M":265114400,"N":16777216,"convert-time":2573.01708984375,"graph_name":"rgg_n_2_24_s0.chub","run-time":1469.969091796875,"sort-time":20172.728515625}
