{"M":68475391,"N":4846608,"convert-time":1186.8780517578125,"graph_name":"soc-LiveJournal1.gorder","run-time":34.244022369384766,"sort-time":0.0}
