{"M":100663202,"N":16777216,"convert-time":961.82373046875,"graph_name":"delaunay_n24.gorder","run-time":737.2831665039063,"sort-time":6583.1669921875}
