{"M":265114400,"N":16777216,"convert-time":2531.091552734375,"graph_name":"rgg_n_2_24_s0.mtx.RCM","run-time":1441.607470703125,"sort-time":24779.2734375}
