{"M":631153669,"N":22744080,"convert-time":6665.83251953125,"graph_name":"arabic-2005.chub","run-time":5.44922239780426,"sort-time":92324.6328125}
