{"M":25165738,"N":4194304,"convert-time":622.5159912109375,"graph_name":"delaunay_n22.gorder","run-time":950.2589965820313,"sort-time":0.0}
