{"M":77991514,"N":5363260,"convert-time":796.0299682617188,"graph_name":"ljournal-2008.chub","run-time":52.566937637329104,"sort-time":5583.07958984375}
