{"M":113891327,"N":1139905,"convert-time":1217.6895751953125,"graph_name":"hollywood-2009.mtx.RCM","run-time":55.5537410736084,"sort-time":10439.7041015625}
