{"M":127002786,"N":8388608,"convert-time":1247.9774169921875,"graph_name":"rgg_n_2_23_s0.gorder","run-time":709.3134399414063,"sort-time":7833.32568359375}
