{"M":265114400,"N":16777216,"convert-time":2720.721923828125,"graph_name":"rgg_n_2_24_s0.chub","run-time":1780.1802612304687,"sort-time":34340.390625}
