{"M":631153669,"N":22744080,"convert-time":6083.83203125,"graph_name":"arabic-2005.hub","run-time":12.255641651153564,"sort-time":62948.4453125}
