{"M":1955352,"N":299067,"convert-time":17.873920440673828,"graph_name":"coAuthorsDBLP.mtx.RCM","run-time":2.4409088134765624,"sort-time":120.45311737060547}
