{"M":212698418,"N":2997166,"convert-time":11431.2392578125,"graph_name":"soc-orkut.hub","run-time":54.97583084106445,"sort-time":0.0}
