{"M":68475391,"N":4847571,"convert-time":732.9197998046875,"graph_name":"soc-LiveJournal1.chub","run-time":30.75873565673828,"sort-time":7800.412109375}
