{"M":77991514,"N":5363260,"convert-time":831.8555908203125,"graph_name":"ljournal-2008.chub","run-time":44.66555213928223,"sort-time":8759.69140625}
