{"M":127002786,"N":8388608,"convert-time":1248.1187744140625,"graph_name":"rgg_n_2_23_s0.chub","run-time":723.6341735839844,"sort-time":8909.900390625}
