{"M":100663202,"N":16777216,"convert-time":1632.7440185546875,"graph_name":"delaunay_n24.mtx.RCM","run-time":1865.1993530273437,"sort-time":0.0}
