{"M":68475391,"N":4847571,"convert-time":704.6297607421875,"graph_name":"soc-LiveJournal1.chub","run-time":36.90598411560059,"sort-time":4727.3818359375}
