{"M":57708624,"N":23947347,"convert-time":660.3734741210938,"graph_name":"road_usa.hub","run-time":5054.046728515625,"sort-time":5858.6337890625}
