{"M":25165738,"N":4194304,"convert-time":573.8179931640625,"graph_name":"delaunay_n22.hub","run-time":973.0273254394531,"sort-time":0.0}
