{"M":0,"N":1,"convert-time":0.9441279768943787,"graph_name":"soc-orkut.hub","run-time":0.3628031939268112,"sort-time":0.005119999870657921}
