{"M":60718396,"N":4194301,"convert-time":555.8660888671875,"graph_name":"rgg_n_2_22_s0.deg","run-time":645.7149475097656,"sort-time":4083.580810546875}
