{"M":113891327,"N":1139905,"convert-time":1178.97119140625,"graph_name":"hollywood-2009.edgeW3","run-time":73.80490264892578,"sort-time":14215.9853515625}
