{"M":112751422,"N":1139905,"convert-time":1204.2178955078125,"graph_name":"hollywood-2009.chub","run-time":20.230204582214355,"sort-time":12898.556640625}
