{"M":89239674,"N":1048576,"convert-time":946.0725708007813,"graph_name":"kron_g500-logn20.edgeW3","run-time":49.619558334350586,"sort-time":12600.8037109375}
