{"M":16313034,"N":7733822,"convert-time":509.2619934082031,"graph_name":"great-britain_osm.mtx.RCM","run-time":6112.173583984375,"sort-time":0.0}
