{"M":265114400,"N":16777216,"convert-time":18796.35546875,"graph_name":"rgg_n_2_24_s0.rand","run-time":2416.8484497070313,"sort-time":0.0}
