{"M":16313034,"N":7733822,"convert-time":188.31053161621094,"graph_name":"great-britain_osm.hub","run-time":4213.373071289063,"sort-time":1355.198486328125}
