{"M":182081864,"N":2097152,"convert-time":1961.8529052734375,"graph_name":"kron_g500-logn21.gorder","run-time":31.59308204650879,"sort-time":20812.23828125}
