{"M":112751422,"N":1107243,"convert-time":1173.4364013671875,"graph_name":"hollywood-2009.deg","run-time":59.86263084411621,"sort-time":10395.498046875}
