{"M":639999458,"N":22744080,"convert-time":5983.46337890625,"graph_name":"arabic-2005.mtx.RCM","run-time":12.148633670806884,"sort-time":57715.6015625}
