{"M":1628268,"N":227320,"convert-time":15.10912036895752,"graph_name":"coAuthorsCiteseer.gorder","run-time":2.882355237007141,"sort-time":54.05491256713867}
