{"M":113891327,"N":1139905,"convert-time":5489.48486328125,"graph_name":"hollywood-2009.mtx.RCM","run-time":26.078947448730467,"sort-time":0.0}
