{"M":0,"N":1,"convert-time":0.9400320053100586,"graph_name":"soc-orkut.edgeW3","run-time":0.3561471957713366,"sort-time":0.005119999870657921}
