{"M":113891327,"N":1139905,"convert-time":1188.6663818359375,"graph_name":"hollywood-2009.rand","run-time":39.3997314453125,"sort-time":14424.1240234375}
