{"M":79023142,"N":5363260,"convert-time":812.1661376953125,"graph_name":"ljournal-2008.rand","run-time":53.105765914916994,"sort-time":11435.978515625}
