{"M":127002786,"N":8388608,"convert-time":1212.074951171875,"graph_name":"rgg_n_2_23_s0.mtx.RCM","run-time":711.4787902832031,"sort-time":11186.2978515625}
