{"M":100663202,"N":16777216,"convert-time":1574.718994140625,"graph_name":"delaunay_n24.deg","run-time":1859.7937377929688,"sort-time":0.0}
