{"M":60718396,"N":4194304,"convert-time":558.7056884765625,"graph_name":"write_reorder2_rgg_n_2_22_s0","run-time":519.801547241211,"sort-time":5952.1083984375}
