{"M":77991514,"N":5363260,"convert-time":786.661376953125,"graph_name":"ljournal-2008.hub","run-time":53.561344146728516,"sort-time":6519.380859375}
