{"M":112751422,"N":1139905,"convert-time":1716.9630126953125,"graph_name":"hollywood-2009.hub","run-time":28.01779842376709,"sort-time":0.0}
