{"M":631153669,"N":22744080,"convert-time":6642.96044921875,"graph_name":"arabic-2005.hub","run-time":6.098460841178894,"sort-time":100161.9765625}
