{"M":50331568,"N":8388608,"convert-time":936.073974609375,"graph_name":"delaunay_n23.hub","run-time":1361.8277465820313,"sort-time":0.0}
