{"M":79023142,"N":5363260,"convert-time":785.9005737304688,"graph_name":"write_reorder2_ljournal-2008","run-time":53.28005142211914,"sort-time":10383.080078125}
