{"M":57708624,"N":23947347,"convert-time":1124.39404296875,"graph_name":"road_usa.deg","run-time":10629.78056640625,"sort-time":0.0}
