{"M":0,"N":1,"convert-time":0.9451519846916199,"graph_name":"soc-orkut.deg","run-time":0.36147199124097823,"sort-time":0.005119999870657921}
