{"M":89238804,"N":795241,"convert-time":977.2717895507813,"graph_name":"kron_g500-logn20.deg","run-time":12.959001731872558,"sort-time":13443.3486328125}
