{"M":25165738,"N":4194304,"convert-time":240.6840362548828,"graph_name":"delaunay_n22.hub","run-time":358.9942291259766,"sort-time":1432.2462158203125}
