{"M":127002786,"N":8388608,"convert-time":1190.286376953125,"graph_name":"write_reorder2_rgg_n_2_23_s0","run-time":718.690087890625,"sort-time":13145.630859375}
