{"M":639999458,"N":22744080,"convert-time":56685.92578125,"graph_name":"arabic-2005.rand","run-time":12.258079862594604,"sort-time":0.0}
