{"M":79023142,"N":5363260,"convert-time":858.5584716796875,"graph_name":"ljournal-2008.edgeW3","run-time":53.846012878417966,"sort-time":14410.748046875}
