{"M":50331568,"N":8388608,"convert-time":520.2421875,"graph_name":"delaunay_n23.mtx.RCM","run-time":665.8479248046875,"sort-time":6152.23583984375}
