{"M":212698418,"N":2997166,"convert-time":12239.2626953125,"graph_name":"soc-orkut.rand","run-time":72.72206687927246,"sort-time":0.0}
