{"M":50331568,"N":8388608,"convert-time":496.86016845703125,"graph_name":"delaunay_n23.gorder","run-time":507.17030639648436,"sort-time":2871.533447265625}
