{"M":1955352,"N":299067,"convert-time":17.978368759155273,"graph_name":"coAuthorsDBLP.rand","run-time":2.514739203453064,"sort-time":175.36512756347656}
