{"M":1628268,"N":227320,"convert-time":10.097663879394531,"graph_name":"coAuthorsCiteseer.deg","run-time":2.8108479976654053,"sort-time":115.67513275146484}
