{"M":100663202,"N":16777216,"convert-time":1043.3270263671875,"graph_name":"delaunay_n24.chub","run-time":987.3195739746094,"sort-time":11404.0498046875}
