{"M":89238804,"N":1048576,"convert-time":984.7562255859375,"graph_name":"kron_g500-logn20.chub","run-time":35.803954887390134,"sort-time":6233.81494140625}
