{"M":25165738,"N":4194304,"convert-time":264.3804016113281,"graph_name":"delaunay_n22.gorder","run-time":354.4206268310547,"sort-time":1241.386962890625}
