{"M":79023142,"N":5363260,"convert-time":852.1871337890625,"graph_name":"ljournal-2008.deg","run-time":54.862832641601564,"sort-time":12036.763671875}
