{"M":25165738,"N":4194304,"convert-time":254.6124725341797,"graph_name":"delaunay_n22.chub","run-time":505.40528259277346,"sort-time":2327.964599609375}
