{"M":50331568,"N":8388608,"convert-time":909.4819946289063,"graph_name":"delaunay_n23.gorder","run-time":1322.8867065429688,"sort-time":0.0}
