{"M":60718396,"N":4194304,"convert-time":589.7789306640625,"graph_name":"rgg_n_2_22_s0.chub","run-time":645.3710876464844,"sort-time":3808.628662109375}
