{"M":57708624,"N":23947347,"convert-time":1072.6290283203125,"graph_name":"road_usa.mtx.RCM","run-time":8930.16015625,"sort-time":0.0}
