{"M":113891327,"N":1139905,"convert-time":1227.3714599609375,"graph_name":"hollywood-2009.rand","run-time":22.821712303161622,"sort-time":19806.6328125}
