{"M":25165738,"N":4194304,"convert-time":242.85183715820313,"graph_name":"delaunay_n22.deg","run-time":358.63746643066406,"sort-time":1423.573974609375}
