{"M":57708624,"N":23947347,"convert-time":667.83642578125,"graph_name":"road_usa.gorder","run-time":4477.662646484375,"sort-time":5413.09326171875}
