{"M":89239674,"N":1048576,"convert-time":933.5838623046875,"graph_name":"kron_g500-logn20.mtx.RCM","run-time":110.03187255859375,"sort-time":9290.521484375}
