{"M":182081864,"N":1544087,"convert-time":1898.324951171875,"graph_name":"kron_g500-logn21.deg","run-time":221.98917236328126,"sort-time":19101.630859375}
