{"M":182082942,"N":2097152,"convert-time":7575.40576171875,"graph_name":"write_reorder2_kron_g500-logn21","run-time":34.99433307647705,"sort-time":0.0}
