{"M":100663202,"N":16777216,"convert-time":946.9869995117188,"graph_name":"write_reorder2_delaunay_n24","run-time":739.6736999511719,"sort-time":9513.6669921875}
