{"M":16313034,"N":7733822,"convert-time":148.6131134033203,"graph_name":"great-britain_osm.mtx.RCM","run-time":3678.16201171875,"sort-time":852.3305053710938}
