{"M":89238804,"N":1048576,"convert-time":1479.448974609375,"graph_name":"kron_g500-logn20.gorder","run-time":22.182179164886474,"sort-time":0.0}
