{"M":57708624,"N":23947347,"convert-time":676.083740234375,"graph_name":"road_usa.edgeW3","run-time":4688.193994140625,"sort-time":7203.8779296875}
