{"M":68993773,"N":4847571,"convert-time":676.3571166992188,"graph_name":"write_reorder2_soc-LiveJournal1","run-time":37.199256896972656,"sort-time":9511.05859375}
