{"M":113891327,"N":1139905,"convert-time":2860.131103515625,"graph_name":"write_reorder2_hollywood-2009","run-time":29.347395133972167,"sort-time":0.0}
