{"M":25165738,"N":4194304,"convert-time":1432.5059814453125,"graph_name":"delaunay_n22.rand","run-time":529.8238952636718,"sort-time":0.0}
