{"M":16313034,"N":7733822,"convert-time":1829.8809814453125,"graph_name":"great-britain_osm.rand","run-time":8849.7484375,"sort-time":0.0}
