{"M":16313034,"N":7733822,"convert-time":525.2860107421875,"graph_name":"great-britain_osm.deg","run-time":8495.70234375,"sort-time":0.0}
