{"M":79023142,"N":5363260,"convert-time":5209.9130859375,"graph_name":"ljournal-2008.mtx.RCM","run-time":69.05928268432618,"sort-time":0.0}
