{"M":113891327,"N":1139905,"convert-time":4403.64599609375,"graph_name":"hollywood-2009.rand","run-time":28.95150718688965,"sort-time":0.0}
