{"M":127002786,"N":8388607,"convert-time":1829.322998046875,"graph_name":"rgg_n_2_23_s0.deg","run-time":927.8168640136719,"sort-time":0.0}
