{"M":89239674,"N":1048576,"convert-time":992.9390258789063,"graph_name":"kron_g500-logn20.edgeW3","run-time":12.573567962646484,"sort-time":16568.994140625}
