{"M":60718396,"N":4194304,"convert-time":597.30224609375,"graph_name":"rgg_n_2_22_s0.mtx.RCM","run-time":637.5215087890625,"sort-time":4881.73974609375}
