{"M":50331568,"N":8388608,"convert-time":948.958984375,"graph_name":"write_reorder2_delaunay_n23","run-time":1044.6850158691407,"sort-time":0.0}
