{"M":112751422,"N":1139905,"convert-time":1166.919677734375,"graph_name":"hollywood-2009.chub","run-time":43.528601455688474,"sort-time":8069.11376953125}
