{"M":182082942,"N":2097152,"convert-time":1885.8741455078125,"graph_name":"kron_g500-logn21.mtx.RCM","run-time":231.12857513427736,"sort-time":20139.583984375}
