{"M":79023142,"N":5363260,"convert-time":805.4026489257813,"graph_name":"ljournal-2008.edgeW3","run-time":53.05937957763672,"sort-time":11424.1279296875}
