{"M":57708624,"N":23947347,"convert-time":558.9319458007813,"graph_name":"road_usa.edgeW3","run-time":3208.1727294921875,"sort-time":4730.93115234375}
