{"M":265114400,"N":16777216,"convert-time":2490.30859375,"graph_name":"rgg_n_2_24_s0.rand","run-time":1470.5849365234376,"sort-time":34094.44921875}
