{"M":89239674,"N":1048576,"convert-time":977.7356567382813,"graph_name":"write_reorder2_kron_g500-logn20","run-time":13.043663883209229,"sort-time":16458.06640625}
