{"M":1955352,"N":299067,"convert-time":17.932287216186523,"graph_name":"coAuthorsDBLP.hub","run-time":2.8520447969436646,"sort-time":84.12979125976563}
