{"M":212698418,"N":2997166,"convert-time":2257.16845703125,"graph_name":"soc-orkut.rand","run-time":45.19251594543457,"sort-time":41136.3203125}
