{"M":16313034,"N":7733822,"convert-time":192.90829467773438,"graph_name":"great-britain_osm.mtx.RCM","run-time":4914.560693359375,"sort-time":1441.1673583984375}
