{"M":1955352,"N":299067,"convert-time":18.83033561706543,"graph_name":"coAuthorsDBLP.deg","run-time":2.8329983949661255,"sort-time":82.64089965820313}
