{"M":639999458,"N":22744080,"convert-time":6759.70654296875,"graph_name":"arabic-2005.mtx.RCM","run-time":8.418751835823059,"sort-time":90744.1171875}
