{"M":68993773,"N":4847571,"convert-time":6557.4619140625,"graph_name":"soc-LiveJournal1.rand","run-time":46.043152236938475,"sort-time":0.0}
