{"M":89239674,"N":1048576,"convert-time":5370.07177734375,"graph_name":"kron_g500-logn20.mtx.RCM","run-time":28.12577304840088,"sort-time":0.0}
