{"M":60718396,"N":4194304,"convert-time":3535.2900390625,"graph_name":"rgg_n_2_22_s0.rand","run-time":924.8997680664063,"sort-time":0.0}
