{"M":16313034,"N":7733822,"convert-time":188.10470581054688,"graph_name":"great-britain_osm.edgeW3","run-time":3948.3318603515627,"sort-time":1501.939697265625}
