{"M":182081864,"N":2097152,"convert-time":2719.301025390625,"graph_name":"kron_g500-logn21.hub","run-time":30.855331039428712,"sort-time":0.0}
