{"M":100663202,"N":16777216,"convert-time":1594.5670166015625,"graph_name":"delaunay_n24.hub","run-time":1939.707275390625,"sort-time":0.0}
