{"M":112751422,"N":1107243,"convert-time":1182.9390869140625,"graph_name":"hollywood-2009.deg","run-time":22.30904312133789,"sort-time":15893.080078125}
