{"M":100663202,"N":16777216,"convert-time":1585.593994140625,"graph_name":"delaunay_n24.gorder","run-time":1875.2742919921875,"sort-time":0.0}
