{"M":265114400,"N":16777216,"convert-time":3934.455078125,"graph_name":"rgg_n_2_24_s0.mtx.RCM","run-time":2540.6291625976564,"sort-time":0.0}
