{"M":16313034,"N":7733822,"convert-time":187.53945922851563,"graph_name":"great-britain_osm.deg","run-time":4272.662353515625,"sort-time":1358.5684814453125}
