{"M":50331568,"N":8388608,"convert-time":480.7055358886719,"graph_name":"delaunay_n23.hub","run-time":514.7986938476563,"sort-time":3206.034423828125}
