{"M":16313034,"N":7733822,"convert-time":147.61471557617188,"graph_name":"great-britain_osm.chub","run-time":3701.0189453125,"sort-time":768.6594848632813}
