{"M":265114400,"N":16777216,"convert-time":5785.69677734375,"graph_name":"write_reorder2_rgg_n_2_24_s0","run-time":1484.8126708984375,"sort-time":0.0}
