{"M":106349209,"N":2997166,"convert-time":1760.68798828125,"graph_name":"soc-orkut.gorder","run-time":72.45115222930909,"sort-time":0.0}
