{"M":112751422,"N":1139905,"convert-time":1195.672607421875,"graph_name":"hollywood-2009.gorder","run-time":56.879206848144534,"sort-time":7126.77978515625}
