{"M":68993773,"N":4847571,"convert-time":4554.64306640625,"graph_name":"soc-LiveJournal1.mtx.RCM","run-time":36.26229763031006,"sort-time":0.0}
