{"M":89238804,"N":1048576,"convert-time":963.82568359375,"graph_name":"kron_g500-logn20.gorder","run-time":131.92427520751954,"sort-time":5695.84521484375}
