{"M":127002786,"N":8388608,"convert-time":1304.1070556640625,"graph_name":"write_reorder2_rgg_n_2_23_s0","run-time":899.0876892089843,"sort-time":19114.546875}
