{"M":212698418,"N":2997166,"convert-time":10772.859375,"graph_name":"soc-orkut.deg","run-time":45.396246337890624,"sort-time":0.0}
