{"M":60718396,"N":4194304,"convert-time":595.2788696289063,"graph_name":"rgg_n_2_22_s0.gorder","run-time":515.2192504882812,"sort-time":3439.94580078125}
