{"M":50331568,"N":8388608,"convert-time":512.595947265625,"graph_name":"write_reorder2_delaunay_n23","run-time":630.1238342285156,"sort-time":6444.58984375}
