{"M":1628268,"N":227320,"convert-time":14.946304321289063,"graph_name":"coAuthorsCiteseer.chub","run-time":3.106611227989197,"sort-time":62.58073425292969}
