{"M":182082942,"N":2097152,"convert-time":1896.4715576171875,"graph_name":"kron_g500-logn21.rand","run-time":50.1538818359375,"sort-time":27701.31640625}
