{"M":212698418,"N":2997166,"convert-time":2131.640380859375,"graph_name":"soc-orkut.rand","run-time":43.43531455993652,"sort-time":30089.396484375}
