{"M":212698418,"N":2997166,"convert-time":1996.0084228515625,"graph_name":"soc-orkut.hub","run-time":58.1234691619873,"sort-time":25957.470703125}
