{"M":182082942,"N":2097152,"convert-time":1847.2867431640625,"graph_name":"kron_g500-logn21.edgeW3","run-time":76.39040069580078,"sort-time":26853.337890625}
