{"M":127002786,"N":8388608,"convert-time":1818.9329833984375,"graph_name":"rgg_n_2_23_s0.mtx.RCM","run-time":921.0344482421875,"sort-time":0.0}
