{"M":57708624,"N":23947347,"convert-time":551.3922729492188,"graph_name":"road_usa.gorder","run-time":3206.2541748046874,"sort-time":3358.889892578125}
