{"M":182082942,"N":2097152,"convert-time":1912.343505859375,"graph_name":"kron_g500-logn21.edgeW3","run-time":24.03717460632324,"sort-time":35710.82421875}
