{"M":212698418,"N":2997166,"convert-time":2294.665283203125,"graph_name":"soc-orkut.mtx.RCM","run-time":33.28937931060791,"sort-time":35157.4296875}
