{"M":60718396,"N":4194304,"convert-time":1079.758056640625,"graph_name":"rgg_n_2_22_s0.gorder","run-time":1372.59384765625,"sort-time":0.0}
