{"M":89238804,"N":1048576,"convert-time":1470.85498046875,"graph_name":"kron_g500-logn20.hub","run-time":23.34733467102051,"sort-time":0.0}
