{"M":182081864,"N":2097152,"convert-time":1963.7626953125,"graph_name":"kron_g500-logn21.chub","run-time":26.5711389541626,"sort-time":23203.978515625}
