{"M":77991514,"N":5363260,"convert-time":1295.6739501953125,"graph_name":"ljournal-2008.gorder","run-time":79.91982307434083,"sort-time":0.0}
