{"M":89238804,"N":1048576,"convert-time":963.8829956054688,"graph_name":"kron_g500-logn20.chub","run-time":13.28657283782959,"sort-time":10196.349609375}
