{"M":112751422,"N":1139905,"convert-time":1722.3570556640625,"graph_name":"hollywood-2009.gorder","run-time":28.62235507965088,"sort-time":0.0}
