{"M":639999458,"N":22744080,"convert-time":5983.83203125,"graph_name":"arabic-2005.deg","run-time":12.149350452423096,"sort-time":56152.53125}
