{"M":57708624,"N":23947347,"convert-time":1204.43701171875,"graph_name":"write_reorder2_road_usa","run-time":9057.171875,"sort-time":0.0}
