{"M":50331568,"N":8388608,"convert-time":457.27947998046875,"graph_name":"write_reorder2_delaunay_n23","run-time":506.1568542480469,"sort-time":4316.6044921875}
