{"M":639999458,"N":22744080,"convert-time":6126.31982421875,"graph_name":"arabic-2005.rand","run-time":12.283084774017334,"sort-time":86747.328125}
