{"M":100663202,"N":16777216,"convert-time":957.6939697265625,"graph_name":"delaunay_n24.mtx.RCM","run-time":740.4506164550781,"sort-time":8792.4462890625}
