{"M":57708624,"N":23947347,"convert-time":557.0303955078125,"graph_name":"write_reorder2_road_usa","run-time":3205.47685546875,"sort-time":4541.29345703125}
