{"M":1628268,"N":227320,"convert-time":14.906368255615234,"graph_name":"coAuthorsCiteseer.hub","run-time":3.246899199485779,"sort-time":70.793212890625}
