{"M":127002786,"N":8388608,"convert-time":1236.0611572265625,"graph_name":"rgg_n_2_23_s0.rand","run-time":723.3636352539063,"sort-time":15416.357421875}
