{"M":100663202,"N":16777216,"convert-time":1694.4410400390625,"graph_name":"write_reorder2_delaunay_n24","run-time":1870.59189453125,"sort-time":0.0}
