{"M":100663202,"N":16777216,"convert-time":947.3515625,"graph_name":"delaunay_n24.hub","run-time":751.5063293457031,"sort-time":7251.59521484375}
