{"M":16313034,"N":7733822,"convert-time":147.80621337890625,"graph_name":"great-britain_osm.edgeW3","run-time":3071.182568359375,"sort-time":946.4381713867188}
