{"M":182081864,"N":2097152,"convert-time":2651.22607421875,"graph_name":"kron_g500-logn21.gorder","run-time":43.98322944641113,"sort-time":0.0}
