{"M":68475391,"N":4846608,"convert-time":702.9473266601563,"graph_name":"soc-LiveJournal1.gorder","run-time":37.50594596862793,"sort-time":4483.68017578125}
