{"M":50331568,"N":8388608,"convert-time":515.1928100585938,"graph_name":"delaunay_n23.rand","run-time":729.9264770507813,"sort-time":7851.18603515625}
