{"M":68993773,"N":4847571,"convert-time":4200.93701171875,"graph_name":"write_reorder2_soc-LiveJournal1","run-time":36.901584243774415,"sort-time":0.0}
