{"M":1955352,"N":299067,"convert-time":17.971200942993164,"graph_name":"coAuthorsDBLP.edgeW3","run-time":2.5199615955352783,"sort-time":127.38047790527344}
