{"M":1955352,"N":299067,"convert-time":18.189311981201172,"graph_name":"coAuthorsDBLP.chub","run-time":2.612940812110901,"sort-time":74.43148803710938}
