{"M":182081864,"N":2097152,"convert-time":1953.6025390625,"graph_name":"kron_g500-logn21.hub","run-time":23.9843168258667,"sort-time":28541.794921875}
