{"M":1628268,"N":227320,"convert-time":15.045632362365723,"graph_name":"coAuthorsCiteseer.deg","run-time":3.218022418022156,"sort-time":70.4163818359375}
