{"M":639999458,"N":22744080,"convert-time":6265.80908203125,"graph_name":"write_reorder2_arabic-2005","run-time":12.1471999168396,"sort-time":61976.8203125}
