{"M":0,"N":1,"convert-time":0.20377600193023682,"graph_name":"soc-orkut.edgeW3","run-time":0.4255647923797369,"sort-time":0.002047999994829297}
