{"M":182082942,"N":2097152,"convert-time":11933.5791015625,"graph_name":"kron_g500-logn21.mtx.RCM","run-time":49.003808212280276,"sort-time":0.0}
