{"M":639999458,"N":22744080,"convert-time":17766.677734375,"graph_name":"arabic-2005.mtx.RCM","run-time":8.111900901794433,"sort-time":0.0}
