{"M":113891327,"N":1139905,"convert-time":1201.9732666015625,"graph_name":"write_reorder2_hollywood-2009","run-time":48.69201889038086,"sort-time":13085.1201171875}
