{"M":60718396,"N":4194301,"convert-time":1039.948974609375,"graph_name":"rgg_n_2_22_s0.deg","run-time":1656.474609375,"sort-time":0.0}
