{"M":112751422,"N":1139905,"convert-time":1164.5020751953125,"graph_name":"hollywood-2009.hub","run-time":59.714764785766604,"sort-time":10060.70703125}
