{"M":1628268,"N":227320,"convert-time":9.696255683898926,"graph_name":"coAuthorsCiteseer.edgeW3","run-time":2.610864019393921,"sort-time":171.15647888183594}
