{"M":25165738,"N":4194304,"convert-time":227.16006469726563,"graph_name":"delaunay_n22.rand","run-time":358.64381408691406,"sort-time":2716.96484375}
