{"M":79023142,"N":5363260,"convert-time":3986.12109375,"graph_name":"write_reorder2_ljournal-2008","run-time":79.30127639770508,"sort-time":0.0}
