{"M":100663202,"N":16777216,"convert-time":6906.748046875,"graph_name":"delaunay_n24.rand","run-time":1261.9388061523437,"sort-time":0.0}
