{"M":89238804,"N":795241,"convert-time":942.4834594726563,"graph_name":"kron_g500-logn20.deg","run-time":132.20945739746094,"sort-time":8839.9287109375}
