{"M":127002786,"N":8388608,"convert-time":1355.135009765625,"graph_name":"rgg_n_2_23_s0.rand","run-time":867.5026672363281,"sort-time":21690.50390625}
