{"M":639999458,"N":22744080,"convert-time":20312.162109375,"graph_name":"arabic-2005.deg","run-time":15.837068796157837,"sort-time":0.0}
