{"M":57708624,"N":23947347,"convert-time":664.4439086914063,"graph_name":"write_reorder2_road_usa","run-time":4486.4578125,"sort-time":7126.96337890625}
