{"M":68475391,"N":4846608,"convert-time":722.8692626953125,"graph_name":"soc-LiveJournal1.gorder","run-time":22.468726539611815,"sort-time":7021.5087890625}
