{"M":100663202,"N":16777216,"convert-time":951.3318481445313,"graph_name":"delaunay_n24.deg","run-time":752.9857055664063,"sort-time":7025.51025390625}
