{"M":89238804,"N":1048576,"convert-time":953.7136840820313,"graph_name":"kron_g500-logn20.gorder","run-time":16.788070297241212,"sort-time":9415.9736328125}
