{"M":127002786,"N":8388608,"convert-time":2859.639892578125,"graph_name":"write_reorder2_rgg_n_2_23_s0","run-time":1705.4321411132812,"sort-time":0.0}
