{"M":16313034,"N":7733822,"convert-time":147.36282348632813,"graph_name":"great-britain_osm.deg","run-time":3089.5791015625,"sort-time":768.7157592773438}
