{"M":79023142,"N":5363260,"convert-time":5806.7900390625,"graph_name":"ljournal-2008.rand","run-time":78.2724998474121,"sort-time":0.0}
