{"M":16313034,"N":7733822,"convert-time":190.0011444091797,"graph_name":"great-britain_osm.chub","run-time":5135.35009765625,"sort-time":1391.2750244140625}
