{"M":50331568,"N":8388608,"convert-time":455.3298034667969,"graph_name":"delaunay_n23.deg","run-time":515.1471557617188,"sort-time":3189.655517578125}
