{"M":265114400,"N":16777215,"convert-time":2531.19384765625,"graph_name":"rgg_n_2_24_s0.deg","run-time":1050.2492248535157,"sort-time":21429.115234375}
