{"M":1628268,"N":227320,"convert-time":9.61638355255127,"graph_name":"coAuthorsCiteseer.chub","run-time":2.6307424545288085,"sort-time":106.32908630371094}
