{"M":127002786,"N":8388608,"convert-time":1333.8951416015625,"graph_name":"rgg_n_2_23_s0.edgeW3","run-time":897.2020263671875,"sort-time":19329.90625}
