{"M":212698418,"N":2997166,"convert-time":1996.051513671875,"graph_name":"write_reorder2_soc-orkut","run-time":56.669593811035156,"sort-time":22493.939453125}
