{"M":212698418,"N":2997166,"convert-time":2253.157470703125,"graph_name":"write_reorder2_soc-orkut","run-time":34.43672676086426,"sort-time":33896.203125}
