{"M":1955352,"N":299067,"convert-time":12.207103729248047,"graph_name":"coAuthorsDBLP.hub","run-time":2.390931177139282,"sort-time":143.57708740234375}
