{"M":89238804,"N":1048576,"convert-time":987.3735961914063,"graph_name":"kron_g500-logn20.hub","run-time":131.87614517211915,"sort-time":8832.7431640625}
