{"M":89239674,"N":1048576,"convert-time":3429.001953125,"graph_name":"write_reorder2_kron_g500-logn20","run-time":24.339004802703858,"sort-time":0.0}
