{"M":212698418,"N":2997166,"convert-time":2226.726806640625,"graph_name":"soc-orkut.deg","run-time":38.721741104125975,"sort-time":37513.16796875}
