{"M":0,"N":1,"convert-time":0.24985599517822266,"graph_name":"soc-orkut.chub","run-time":0.3097888011485338,"sort-time":0.0030720001086592674}
