{"M":50331568,"N":8388608,"convert-time":525.5885009765625,"graph_name":"delaunay_n23.edgeW3","run-time":642.4857238769531,"sort-time":6645.47021484375}
