{"M":77991514,"N":5363260,"convert-time":780.031982421875,"graph_name":"ljournal-2008.gorder","run-time":53.61418190002441,"sort-time":5207.466796875}
