{"M":127002786,"N":8388608,"convert-time":1215.3026123046875,"graph_name":"rgg_n_2_23_s0.hub","run-time":724.5278259277344,"sort-time":9513.89453125}
