{"M":631153669,"N":22744080,"convert-time":8531.1787109375,"graph_name":"arabic-2005.hub","run-time":10.81201593875885,"sort-time":0.0}
