{"M":25165738,"N":4194304,"convert-time":239.48287963867188,"graph_name":"delaunay_n22.chub","run-time":358.8623382568359,"sort-time":1374.4189453125}
