{"M":1955352,"N":299067,"convert-time":12.436479568481445,"graph_name":"coAuthorsDBLP.edgeW3","run-time":2.480451190471649,"sort-time":190.03085327148438}
