{"M":0,"N":1,"convert-time":0.9697279930114746,"graph_name":"soc-orkut.gorder","run-time":0.36188159584999086,"sort-time":0.008191999979317188}
