{"M":60718396,"N":4194304,"convert-time":626.634765625,"graph_name":"rgg_n_2_22_s0.edgeW3","run-time":669.3451721191407,"sort-time":8410.3544921875}
