{"M":265114400,"N":16777216,"convert-time":2481.532958984375,"graph_name":"write_reorder2_rgg_n_2_24_s0","run-time":1042.764178466797,"sort-time":28848.630859375}
