{"M":265114400,"N":16777216,"convert-time":3931.4951171875,"graph_name":"rgg_n_2_24_s0.hub","run-time":2495.5307373046876,"sort-time":0.0}
