{"M":265114400,"N":16777216,"convert-time":2472.144775390625,"graph_name":"rgg_n_2_24_s0.edgeW3","run-time":1043.7053466796874,"sort-time":28846.87890625}
