{"M":127002786,"N":8388608,"convert-time":1827.8680419921875,"graph_name":"rgg_n_2_23_s0.hub","run-time":912.4148315429687,"sort-time":0.0}
