{"M":265114400,"N":16777216,"convert-time":2520.478759765625,"graph_name":"rgg_n_2_24_s0.gorder","run-time":1441.1045776367187,"sort-time":18300.912109375}
