{"M":57708624,"N":23947347,"convert-time":1097.39794921875,"graph_name":"road_usa.hub","run-time":10650.98408203125,"sort-time":0.0}
