{"M":100663202,"N":16777216,"convert-time":959.0733032226563,"graph_name":"delaunay_n24.rand","run-time":753.7566711425782,"sort-time":12689.7734375}
