{"M":212698418,"N":2997166,"convert-time":17198.69921875,"graph_name":"soc-orkut.mtx.RCM","run-time":55.073343658447264,"sort-time":0.0}
