{"M":265114400,"N":16777216,"convert-time":2747.578369140625,"graph_name":"rgg_n_2_24_s0.edgeW3","run-time":1225.2707275390626,"sort-time":42200.76953125}
