{"M":127002786,"N":8388608,"convert-time":1831.2430419921875,"graph_name":"rgg_n_2_23_s0.gorder","run-time":1326.3553100585937,"sort-time":0.0}
