{"M":57708624,"N":23947347,"convert-time":685.427734375,"graph_name":"road_usa.chub","run-time":4137.5670166015625,"sort-time":5936.0654296875}
