{"M":16313034,"N":7733822,"convert-time":514.5449829101563,"graph_name":"great-britain_osm.gorder","run-time":10049.17666015625,"sort-time":0.0}
