{"M":68475391,"N":4847571,"convert-time":1157.802978515625,"graph_name":"soc-LiveJournal1.hub","run-time":40.8235164642334,"sort-time":0.0}
