{"M":89238804,"N":1048576,"convert-time":964.3560791015625,"graph_name":"kron_g500-logn20.hub","run-time":15.701360034942628,"sort-time":13063.0791015625}
