{"M":100663202,"N":16777216,"convert-time":951.7352905273438,"graph_name":"delaunay_n24.edgeW3","run-time":739.5352661132813,"sort-time":9453.7236328125}
