{"M":60718396,"N":4194304,"convert-time":595.9925537109375,"graph_name":"rgg_n_2_22_s0.rand","run-time":646.3012817382812,"sort-time":6972.85302734375}
