{"M":112751422,"N":1107243,"convert-time":1695.2340087890625,"graph_name":"hollywood-2009.deg","run-time":27.11717414855957,"sort-time":0.0}
