{"M":1955352,"N":299067,"convert-time":17.934335708618164,"graph_name":"write_reorder2_coAuthorsDBLP","run-time":2.4607743978500367,"sort-time":134.48191833496094}
