{"M":68475391,"N":4847571,"convert-time":710.8966674804688,"graph_name":"soc-LiveJournal1.hub","run-time":38.03299827575684,"sort-time":5431.51318359375}
