{"M":127002786,"N":8388607,"convert-time":1212.0279541015625,"graph_name":"rgg_n_2_23_s0.deg","run-time":724.6521423339843,"sort-time":9539.900390625}
