{"M":1628268,"N":227320,"convert-time":15.073280334472656,"graph_name":"coAuthorsCiteseer.mtx.RCM","run-time":2.9475840091705323,"sort-time":90.8963851928711}
