{"M":16313034,"N":7733822,"convert-time":531.1619873046875,"graph_name":"write_reorder2_great-britain_osm","run-time":8561.28779296875,"sort-time":0.0}
