{"M":265114400,"N":16777216,"convert-time":2510.22021484375,"graph_name":"rgg_n_2_24_s0.hub","run-time":1052.333673095703,"sort-time":21192.078125}
