{"M":1628268,"N":227320,"convert-time":13.685759544372559,"graph_name":"coAuthorsCiteseer.chub","num-triangles":0,"run-time":2.0314112544059753,"sort-time":61.58438491821289}
