{"M":1628268,"N":227320,"convert-time":13.677568435668945,"graph_name":"coAuthorsCiteseer.hub","num-triangles":0,"run-time":11.606220817565918,"sort-time":71.78854370117188}
