{"M":1955352,"N":299067,"convert-time":16.80486488342285,"graph_name":"coAuthorsDBLP.edgeW3","num-triangles":0,"run-time":3.5144704818725585,"sort-time":131.16517639160156}
