{"M":1955352,"N":299067,"convert-time":16.706560134887695,"graph_name":"coAuthorsDBLP.chub","num-triangles":0,"run-time":1.452339243888855,"sort-time":73.95635223388672}
