{"M":1955352,"N":299067,"convert-time":16.520191192626953,"graph_name":"coAuthorsDBLP.gorder","num-triangles":0,"run-time":4.4603392601013185,"sort-time":63.722496032714844}
