{"M":1955352,"N":299067,"convert-time":16.763904571533203,"graph_name":"coAuthorsDBLP.mtx.RCM","num-triangles":0,"run-time":3.1713280200958254,"sort-time":122.95372772216797}
