{"M":1955352,"N":299067,"convert-time":16.899072647094727,"graph_name":"coAuthorsDBLP.rand","num-triangles":0,"run-time":1.1365375757217406,"sort-time":181.6453094482422}
