{"M":1628268,"N":227320,"convert-time":13.945856094360352,"graph_name":"coAuthorsCiteseer.mtx.RCM","num-triangles":0,"run-time":3.4895872116088866,"sort-time":90.429443359375}
