{"M":1955352,"N":299067,"convert-time":16.732160568237305,"graph_name":"coAuthorsDBLP.deg","num-triangles":0,"run-time":11.065036869049072,"sort-time":83.14265441894531}
