{"M":1628268,"N":227320,"convert-time":13.604864120483398,"graph_name":"coAuthorsCiteseer.deg","num-triangles":0,"run-time":11.183001518249512,"sort-time":70.40306854248047}
