{"M":1628268,"N":227320,"convert-time":13.923328399658203,"graph_name":"coAuthorsCiteseer.edgeW3","num-triangles":0,"run-time":2.7141119956970217,"sort-time":101.21727752685547}
