{"M":1955352,"N":299067,"convert-time":16.994304656982422,"graph_name":"coAuthorsDBLP.hub","num-triangles":0,"run-time":11.133952045440674,"sort-time":89.08799743652344}
