{"M":1628268,"N":227320,"convert-time":13.676544189453125,"graph_name":"coAuthorsCiteseer.gorder","num-triangles":0,"run-time":3.363532853126526,"sort-time":53.3309440612793}
