{"M":1628268,"N":227320,"convert-time":14.163968086242676,"graph_name":"coAuthorsCiteseer.rand","num-triangles":0,"run-time":1.4689280271530152,"sort-time":144.03173828125}
