{"M":25165738,"N":4194304,"convert-time":224.8785858154297,"graph_name":"delaunay_n22.rand","num-triangles":0,"run-time":8.145100784301757,"sort-time":2723.481689453125}
