{"M":100663202,"N":16777216,"convert-time":1127.615478515625,"graph_name":"delaunay_n24.mtx.RCM","num-triangles":0,"run-time":7.9868673324584964,"sort-time":13624.5400390625}
