{"M":100663202,"N":16777216,"convert-time":1544.27001953125,"graph_name":"delaunay_n24.rand","num-triangles":0,"run-time":105.50800399780273,"sort-time":20197.783203125}
