{"M":25165738,"N":4194304,"convert-time":267.3694763183594,"graph_name":"delaunay_n22.gorder","num-triangles":0,"run-time":2.4180319547653197,"sort-time":2297.07275390625}
