{"M":100663202,"N":16777216,"convert-time":1565.0478515625,"graph_name":"delaunay_n24.deg","num-triangles":0,"run-time":114.92805938720703,"sort-time":17124.123046875}
