{"M":100663202,"N":16777216,"convert-time":953.975830078125,"graph_name":"delaunay_n24.gorder","num-triangles":0,"run-time":9.369805145263673,"sort-time":6293.89013671875}
