{"M":100663202,"N":16777216,"convert-time":1619.0489501953125,"graph_name":"delaunay_n24.deg","num-triangles":0,"run-time":113.97294464111329,"sort-time":14182.4970703125}
