{"M":25165738,"N":4194304,"convert-time":621.4149780273438,"graph_name":"delaunay_n22.hub","num-triangles":0,"run-time":27.417080879211426,"sort-time":2998.950927734375}
