{"M":25165738,"N":4194304,"convert-time":222.48345947265625,"graph_name":"delaunay_n22.edgeW3","num-triangles":0,"run-time":2.484531283378601,"sort-time":2011.979736328125}
