{"M":100663202,"N":16777216,"convert-time":970.0914916992188,"graph_name":"delaunay_n24.chub","num-triangles":0,"run-time":39.400140380859376,"sort-time":6934.8759765625}
