{"M":25165738,"N":4194304,"convert-time":271.0220947265625,"graph_name":"delaunay_n22.deg","num-triangles":0,"run-time":26.77365436553955,"sort-time":2480.0859375}
