{"M":50331568,"N":8388608,"convert-time":938.2830200195313,"graph_name":"delaunay_n23.gorder","num-triangles":0,"run-time":6.259136104583741,"sort-time":5768.0478515625}
