{"M":50331568,"N":8388608,"convert-time":909.7949829101563,"graph_name":"delaunay_n23.hub","num-triangles":0,"run-time":56.239862060546876,"sort-time":6485.02978515625}
