{"M":100663202,"N":16777216,"convert-time":915.3853149414063,"graph_name":"delaunay_n24.hub","num-triangles":0,"run-time":41.060761260986325,"sort-time":7021.77197265625}
