{"M":50331568,"N":8388608,"convert-time":546.7156372070313,"graph_name":"delaunay_n23.hub","num-triangles":0,"run-time":55.15276832580567,"sort-time":5557.24267578125}
