{"M":100663202,"N":16777216,"convert-time":931.2665405273438,"graph_name":"delaunay_n24.edgeW3","num-triangles":0,"run-time":9.505177879333496,"sort-time":9400.7451171875}
