{"M":25165738,"N":4194304,"convert-time":222.31961059570313,"graph_name":"delaunay_n22.gorder","num-triangles":0,"run-time":2.459340786933899,"sort-time":1273.4249267578125}
