{"M":25165738,"N":4194304,"convert-time":271.3088073730469,"graph_name":"delaunay_n22.rand","num-triangles":0,"run-time":25.32857303619385,"sort-time":3635.80712890625}
