{"M":100663202,"N":16777216,"convert-time":928.9922485351563,"graph_name":"delaunay_n24.mtx.RCM","num-triangles":0,"run-time":8.84572172164917,"sort-time":8644.1298828125}
