{"M":50331568,"N":8388608,"convert-time":539.4176025390625,"graph_name":"delaunay_n23.deg","num-triangles":0,"run-time":55.2766845703125,"sort-time":5249.74267578125}
