{"M":25165738,"N":4194304,"convert-time":232.63539123535156,"graph_name":"delaunay_n22.hub","num-triangles":0,"run-time":8.661606788635254,"sort-time":1439.916015625}
