{"M":25165738,"N":4194304,"convert-time":224.83251953125,"graph_name":"delaunay_n22.mtx.RCM","num-triangles":0,"run-time":2.332467246055603,"sort-time":1850.7315673828125}
