{"M":50331568,"N":8388608,"convert-time":467.8758544921875,"graph_name":"delaunay_n23.hub","num-triangles":0,"run-time":19.048447608947754,"sort-time":3201.50830078125}
