{"M":100663202,"N":16777216,"convert-time":1467.8538818359375,"graph_name":"delaunay_n24.hub","num-triangles":0,"run-time":113.12130432128906,"sort-time":16812.08984375}
