{"M":50331568,"N":8388608,"convert-time":468.9858703613281,"graph_name":"delaunay_n23.mtx.RCM","num-triangles":0,"run-time":4.227993631362915,"sort-time":3970.672607421875}
