{"M":100663202,"N":16777216,"convert-time":936.99072265625,"graph_name":"delaunay_n24.deg","num-triangles":0,"run-time":41.17350387573242,"sort-time":7218.787109375}
