{"M":50331568,"N":8388608,"convert-time":965.0689697265625,"graph_name":"delaunay_n23.deg","num-triangles":0,"run-time":55.77925796508789,"sort-time":6411.76806640625}
