{"M":100663202,"N":16777216,"convert-time":1573.56396484375,"graph_name":"delaunay_n24.hub","num-triangles":0,"run-time":113.63870849609376,"sort-time":13987.9892578125}
