{"M":50331568,"N":8388608,"convert-time":868.5419921875,"graph_name":"delaunay_n23.rand","num-triangles":0,"run-time":52.821753311157224,"sort-time":9416.2548828125}
