{"M":50331568,"N":8388608,"convert-time":914.2160034179688,"graph_name":"delaunay_n23.mtx.RCM","num-triangles":0,"run-time":7.347904014587402,"sort-time":7020.1259765625}
