{"M":50331568,"N":8388608,"convert-time":544.5723876953125,"graph_name":"delaunay_n23.rand","num-triangles":0,"run-time":51.53798065185547,"sort-time":7918.3984375}
