{"M":25165738,"N":4194304,"convert-time":603.3460083007813,"graph_name":"delaunay_n22.mtx.RCM","num-triangles":0,"run-time":4.1783743619918825,"sort-time":3267.27392578125}
