{"M":25165738,"N":4194304,"convert-time":652.1270141601563,"graph_name":"delaunay_n22.gorder","num-triangles":0,"run-time":2.882710337638855,"sort-time":2625.886962890625}
