{"M":50331568,"N":8388608,"convert-time":446.1721496582031,"graph_name":"delaunay_n23.rand","num-triangles":0,"run-time":17.951845741271974,"sort-time":5901.107421875}
