{"M":100663202,"N":16777216,"convert-time":1488.626953125,"graph_name":"delaunay_n24.gorder","num-triangles":0,"run-time":8.807804489135743,"sort-time":12810.599609375}
