{"M":25165738,"N":4194304,"convert-time":591.9359741210938,"graph_name":"delaunay_n22.deg","num-triangles":0,"run-time":27.485858726501466,"sort-time":2988.551025390625}
