{"M":100663202,"N":16777216,"convert-time":1547.5169677734375,"graph_name":"delaunay_n24.gorder","num-triangles":0,"run-time":9.193711948394775,"sort-time":13730.4765625}
