{"M":50331568,"N":8388608,"convert-time":447.58734130859375,"graph_name":"delaunay_n23.deg","num-triangles":0,"run-time":18.932223320007324,"sort-time":3197.75634765625}
