{"M":25165738,"N":4194304,"convert-time":235.93267822265625,"graph_name":"delaunay_n22.chub","num-triangles":0,"run-time":8.28508186340332,"sort-time":1367.034912109375}
