{"M":25165738,"N":4194304,"convert-time":664.4000244140625,"graph_name":"delaunay_n22.rand","num-triangles":0,"run-time":25.34550037384033,"sort-time":4404.89892578125}
