{"M":50331568,"N":8388608,"convert-time":536.5698852539063,"graph_name":"delaunay_n23.mtx.RCM","num-triangles":0,"run-time":4.281216096878052,"sort-time":6252.1220703125}
