{"M":50331568,"N":8388608,"convert-time":491.61114501953125,"graph_name":"delaunay_n23.edgeW3","num-triangles":0,"run-time":4.554137372970581,"sort-time":4350.60302734375}
