{"M":50331568,"N":8388608,"convert-time":574.097412109375,"graph_name":"delaunay_n23.gorder","num-triangles":0,"run-time":4.602668905258179,"sort-time":4975.5556640625}
