{"M":50331568,"N":8388608,"convert-time":448.6973571777344,"graph_name":"delaunay_n23.gorder","num-triangles":0,"run-time":4.482150220870972,"sort-time":2897.72021484375}
