{"M":25165738,"N":4194304,"convert-time":267.41656494140625,"graph_name":"delaunay_n22.mtx.RCM","num-triangles":0,"run-time":2.501532793045044,"sort-time":2797.200439453125}
