{"M":25165738,"N":4194304,"convert-time":271.48492431640625,"graph_name":"delaunay_n22.hub","num-triangles":0,"run-time":27.466858291625975,"sort-time":2507.50048828125}
