{"M":50331568,"N":8388608,"convert-time":457.54571533203125,"graph_name":"delaunay_n23.chub","num-triangles":0,"run-time":18.212863159179687,"sort-time":3080.994873046875}
