{"M":100663202,"N":16777216,"convert-time":934.6641845703125,"graph_name":"delaunay_n24.rand","num-triangles":0,"run-time":38.68334045410156,"sort-time":12706.3671875}
