{"M":25165738,"N":4194304,"convert-time":239.0681610107422,"graph_name":"delaunay_n22.deg","num-triangles":0,"run-time":8.646553897857666,"sort-time":1433.822265625}
