{"M":16313034,"N":7733822,"convert-time":146.67674255371094,"graph_name":"great-britain_osm.edgeW3","num-triangles":0,"run-time":1.1748351871967315,"sort-time":952.5504150390625}
