{"M":16313034,"N":7733822,"convert-time":135.86944580078125,"graph_name":"great-britain_osm.gorder","num-triangles":0,"run-time":1.1734015882015227,"sort-time":710.086669921875}
