{"M":16313034,"N":7733822,"convert-time":193.6189422607422,"graph_name":"great-britain_osm.gorder","num-triangles":0,"run-time":1.6913856148719788,"sort-time":1301.3299560546875}
