{"M":16313034,"N":7733822,"convert-time":146.75149536132813,"graph_name":"great-britain_osm.rand","num-triangles":0,"run-time":2.254745626449585,"sort-time":1823.02001953125}
