{"M":16313034,"N":7733822,"convert-time":196.49331665039063,"graph_name":"great-britain_osm.mtx.RCM","num-triangles":0,"run-time":1.5662752032279967,"sort-time":1456.078857421875}
