{"M":16313034,"N":7733822,"convert-time":447.27301025390625,"graph_name":"great-britain_osm.mtx.RCM","num-triangles":0,"run-time":1.756729543209076,"sort-time":1810.6910400390625}
