{"M":16313034,"N":7733822,"convert-time":192.98304748535156,"graph_name":"great-britain_osm.deg","num-triangles":0,"run-time":5.15537281036377,"sort-time":1350.4112548828125}
