{"M":16313034,"N":7733822,"convert-time":214.05491638183594,"graph_name":"great-britain_osm.hub","num-triangles":0,"run-time":5.210899019241333,"sort-time":1298.3480224609375}
