{"M":16313034,"N":7733822,"convert-time":142.4373779296875,"graph_name":"great-britain_osm.mtx.RCM","num-triangles":0,"run-time":1.1533311784267426,"sort-time":862.276611328125}
