{"M":16313034,"N":7733822,"convert-time":450.18701171875,"graph_name":"great-britain_osm.hub","num-triangles":0,"run-time":6.330860805511475,"sort-time":1570.3900146484375}
