{"M":16313034,"N":7733822,"convert-time":465.4880065917969,"graph_name":"great-britain_osm.deg","num-triangles":0,"run-time":6.359398460388183,"sort-time":1578.4420166015625}
