{"M":16313034,"N":7733822,"convert-time":146.1739501953125,"graph_name":"great-britain_osm.hub","num-triangles":0,"run-time":2.248806381225586,"sort-time":763.5241088867188}
