{"M":16313034,"N":7733822,"convert-time":537.8289794921875,"graph_name":"great-britain_osm.gorder","num-triangles":0,"run-time":2.9115679025650025,"sort-time":1591.823974609375}
