{"M":16313034,"N":7733822,"convert-time":232.62208557128906,"graph_name":"great-britain_osm.rand","num-triangles":0,"run-time":5.329968070983886,"sort-time":2308.446044921875}
