{"M":16313034,"N":7733822,"convert-time":145.89132690429688,"graph_name":"great-britain_osm.chub","num-triangles":0,"run-time":2.2245376348495483,"sort-time":763.3541259765625}
