{"M":16313034,"N":7733822,"convert-time":144.91238403320313,"graph_name":"great-britain_osm.deg","num-triangles":0,"run-time":2.216755199432373,"sort-time":761.0081176757813}
