{"M":16313034,"N":7733822,"convert-time":510.2749938964844,"graph_name":"great-britain_osm.rand","num-triangles":0,"run-time":5.856588888168335,"sort-time":2815.9541015625}
