{"M":112751422,"N":1139905,"convert-time":1727.510009765625,"graph_name":"hollywood-2009.hub","num-triangles":0,"run-time":13536.214453125,"sort-time":19112.37109375}
