{"M":113891327,"N":1139905,"convert-time":1693.4849853515625,"graph_name":"hollywood-2009.rand","num-triangles":0,"run-time":7528.37333984375,"sort-time":23469.3984375}
