{"M":112751422,"N":1139905,"convert-time":1047.719970703125,"graph_name":"hollywood-2009.hub","num-triangles":0,"run-time":18231.2337890625,"sort-time":11447.341796875}
