{"M":112751422,"N":1139905,"convert-time":1036.3310546875,"graph_name":"hollywood-2009.gorder","num-triangles":0,"run-time":14145.378125,"sort-time":6573.37060546875}
