{"M":112751422,"N":1139905,"convert-time":1330.2742919921875,"graph_name":"hollywood-2009.gorder","num-triangles":0,"run-time":8526.70029296875,"sort-time":16323.1962890625}
