{"M":112751422,"N":1107243,"convert-time":1038.2376708984375,"graph_name":"hollywood-2009.deg","num-triangles":0,"run-time":18153.5384765625,"sort-time":9509.462890625}
