{"M":113891327,"N":1139905,"convert-time":1123.84814453125,"graph_name":"hollywood-2009.rand","num-triangles":0,"run-time":4119.809326171875,"sort-time":14863.43359375}
