{"M":113891327,"N":1139905,"convert-time":1691.93603515625,"graph_name":"hollywood-2009.mtx.RCM","num-triangles":0,"run-time":4149.621240234375,"sort-time":17087.732421875}
