{"M":112751422,"N":1139905,"convert-time":1614.5162353515625,"graph_name":"hollywood-2009.hub","num-triangles":0,"run-time":13597.70390625,"sort-time":22633.53515625}
