{"M":112751422,"N":1107243,"convert-time":1689.135009765625,"graph_name":"hollywood-2009.deg","num-triangles":0,"run-time":13423.07138671875,"sort-time":19359.287109375}
