{"M":113891327,"N":1139905,"convert-time":1120.195556640625,"graph_name":"hollywood-2009.edgeW3","num-triangles":0,"run-time":8504901.2,"sort-time":14361.19921875}
