{"M":112751422,"N":1139905,"convert-time":1186.186279296875,"graph_name":"hollywood-2009.chub","num-triangles":0,"run-time":4468.950390625,"sort-time":7092.33349609375}
