{"M":113891327,"N":1139905,"convert-time":1178.349609375,"graph_name":"hollywood-2009.mtx.RCM","num-triangles":0,"run-time":7342.152880859375,"sort-time":10355.8212890625}
