{"M":113891327,"N":1139905,"convert-time":1618.6121826171875,"graph_name":"hollywood-2009.mtx.RCM","num-triangles":0,"run-time":4055.843408203125,"sort-time":21173.587890625}
