{"M":112751422,"N":1107243,"convert-time":1632.7362060546875,"graph_name":"hollywood-2009.deg","num-triangles":0,"run-time":13460.94462890625,"sort-time":23179.37109375}
