{"M":112751422,"N":1139905,"convert-time":1668.8680419921875,"graph_name":"hollywood-2009.gorder","num-triangles":0,"run-time":8469.27109375,"sort-time":13453.5361328125}
