{"M":113891327,"N":1139905,"convert-time":1579.250732421875,"graph_name":"hollywood-2009.rand","num-triangles":0,"run-time":7700.302294921875,"sort-time":27841.34765625}
