{"M":89239674,"N":1048576,"convert-time":1398.51904296875,"graph_name":"kron_g500-logn20.rand","num-triangles":0,"run-time":11954.3951171875,"sort-time":20295.05078125}
