{"M":89238804,"N":1048576,"convert-time":867.8543090820313,"graph_name":"kron_g500-logn20.chub","num-triangles":0,"run-time":23113.08671875,"sort-time":6182.04052734375}
