{"M":89239674,"N":1048576,"convert-time":905.6901245117188,"graph_name":"kron_g500-logn20.mtx.RCM","num-triangles":0,"run-time":27133.2345703125,"sort-time":9192.734375}
