{"M":89239674,"N":1048576,"convert-time":976.552978515625,"graph_name":"kron_g500-logn20.mtx.RCM","num-triangles":0,"run-time":12542.1283203125,"sort-time":12281.05859375}
