{"M":89238804,"N":1048576,"convert-time":1389.095947265625,"graph_name":"kron_g500-logn20.hub","num-triangles":0,"run-time":71696.5640625,"sort-time":15404.2822265625}
