{"M":182082942,"N":2097152,"convert-time":2554.69091796875,"graph_name":"kron_g500-logn21.rand","num-triangles":0,"run-time":41191.960546875,"sort-time":43793.9453125}
