{"M":182081864,"N":1544087,"convert-time":2594.8798828125,"graph_name":"kron_g500-logn21.deg","num-triangles":0,"run-time":209671.7734375,"sort-time":34131.9375}
