{"M":182081864,"N":2097152,"convert-time":1803.5926513671875,"graph_name":"kron_g500-logn21.gorder","num-triangles":0,"run-time":736663.425,"sort-time":11530.7021484375}
