{"M":89239674,"N":1048576,"convert-time":893.4266967773438,"graph_name":"kron_g500-logn20.rand","num-triangles":0,"run-time":20729.457421875,"sort-time":12936.82421875}
