{"M":89238804,"N":1048576,"convert-time":905.4638061523438,"graph_name":"kron_g500-logn20.hub","num-triangles":0,"run-time":289676.915625,"sort-time":8952.2158203125}
