{"M":89238804,"N":795241,"convert-time":941.5751953125,"graph_name":"kron_g500-logn20.deg","num-triangles":0,"run-time":71364.3390625,"sort-time":12700.416015625}
