{"M":182081864,"N":2097152,"convert-time":2545.85009765625,"graph_name":"kron_g500-logn21.hub","num-triangles":0,"run-time":211575.6296875,"sort-time":33538.6875}
