{"M":182081864,"N":1544087,"convert-time":1735.7169189453125,"graph_name":"kron_g500-logn21.deg","num-triangles":0,"run-time":730556.6875,"sort-time":18093.572265625}
