{"M":89239674,"N":1048576,"convert-time":1434.990966796875,"graph_name":"kron_g500-logn20.mtx.RCM","num-triangles":0,"run-time":14146.89755859375,"sort-time":14555.181640625}
