{"M":182082942,"N":2097152,"convert-time":1806.792724609375,"graph_name":"kron_g500-logn21.edgeW3","num-triangles":0,"run-time":136959.0171875,"sort-time":27960.162109375}
