{"M":182082942,"N":2097152,"convert-time":1821.201416015625,"graph_name":"kron_g500-logn21.mtx.RCM","num-triangles":0,"run-time":78754.7609375,"sort-time":21144.53125}
