{"M":182081864,"N":2097152,"convert-time":1746.255859375,"graph_name":"kron_g500-logn21.chub","num-triangles":0,"run-time":69360.87890625,"sort-time":12843.4482421875}
