{"M":182082942,"N":2097152,"convert-time":2506.375,"graph_name":"kron_g500-logn21.mtx.RCM","num-triangles":0,"run-time":59759.809765625,"sort-time":32456.267578125}
