{"M":182082942,"N":2097152,"convert-time":1741.5352783203125,"graph_name":"kron_g500-logn21.rand","num-triangles":0,"run-time":68819.80234375,"sort-time":26883.94921875}
