{"M":89238804,"N":795241,"convert-time":1376.9150390625,"graph_name":"kron_g500-logn20.deg","num-triangles":0,"run-time":71817.7328125,"sort-time":15237.755859375}
