{"M":89238804,"N":1048576,"convert-time":1410.31396484375,"graph_name":"kron_g500-logn20.gorder","num-triangles":0,"run-time":72259.225,"sort-time":10870.15234375}
