{"M":89239674,"N":1048576,"convert-time":913.3168334960938,"graph_name":"kron_g500-logn20.edgeW3","num-triangles":0,"run-time":57153.9390625,"sort-time":13508.4013671875}
