{"M":89238804,"N":1048576,"convert-time":972.3330688476563,"graph_name":"kron_g500-logn20.gorder","num-triangles":0,"run-time":289519.996875,"sort-time":5654.455078125}
