{"M":182081864,"N":2097152,"convert-time":1792.3245849609375,"graph_name":"kron_g500-logn21.hub","num-triangles":0,"run-time":736261.15625,"sort-time":18806.62109375}
