{"M":89238804,"N":795241,"convert-time":913.9824829101563,"graph_name":"kron_g500-logn20.deg","num-triangles":0,"run-time":287848.99375,"sort-time":8747.1376953125}
