{"M":182082942,"N":2097152,"convert-time":1978.82470703125,"graph_name":"kron_g500-logn21.rand","num-triangles":0,"run-time":34933.438671875,"sort-time":35581.1640625}
