{"M":89238804,"N":1048576,"convert-time":962.1053466796875,"graph_name":"kron_g500-logn20.hub","num-triangles":0,"run-time":71264.11953125,"sort-time":12833.837890625}
