{"M":89239674,"N":1048576,"convert-time":961.112060546875,"graph_name":"kron_g500-logn20.rand","num-triangles":0,"run-time":10826.33154296875,"sort-time":16672.521484375}
