{"M":182081864,"N":2097152,"convert-time":2643.76611328125,"graph_name":"kron_g500-logn21.gorder","num-triangles":0,"run-time":210268.1953125,"sort-time":25013.53515625}
