{"M":89238804,"N":1048576,"convert-time":958.3431396484375,"graph_name":"kron_g500-logn20.gorder","num-triangles":0,"run-time":71294.63046875,"sort-time":9078.375}
