{"M":127002786,"N":8388608,"convert-time":1300.490234375,"graph_name":"rgg_n_2_23_s0.rand","num-triangles":0,"run-time":282.03355407714844,"sort-time":21045.310546875}
