{"M":265114400,"N":16777216,"convert-time":2712.553466796875,"graph_name":"rgg_n_2_24_s0.gorder","num-triangles":0,"run-time":27.83795928955078,"sort-time":30465.369140625}
