{"M":60718396,"N":4194304,"convert-time":587.953125,"graph_name":"rgg_n_2_22_s0.rand","num-triangles":0,"run-time":42.1685245513916,"sort-time":7342.77734375}
