{"M":265114400,"N":16777216,"convert-time":2281.027587890625,"graph_name":"rgg_n_2_24_s0.hub","num-triangles":0,"run-time":209.65908966064453,"sort-time":19345.703125}
