{"M":127002786,"N":8388608,"convert-time":1094.0047607421875,"graph_name":"rgg_n_2_23_s0.mtx.RCM","num-triangles":0,"run-time":17.322802734375,"sort-time":10823.728515625}
