{"M":57708624,"N":23947347,"convert-time":1088.4539794921875,"graph_name":"road_usa.hub","num-triangles":0,"run-time":22.062649154663085,"sort-time":6929.4599609375}
