{"M":60718396,"N":4194304,"convert-time":521.470947265625,"graph_name":"rgg_n_2_22_s0.gorder","num-triangles":0,"run-time":8.390656280517579,"sort-time":3084.04638671875}
