{"M":265114400,"N":16777216,"convert-time":2325.70361328125,"graph_name":"rgg_n_2_24_s0.chub","num-triangles":0,"run-time":220.01326904296874,"sort-time":17977.71484375}
