{"M":60718396,"N":4194301,"convert-time":576.574462890625,"graph_name":"rgg_n_2_22_s0.deg","num-triangles":0,"run-time":36.06906852722168,"sort-time":4144.89599609375}
