{"M":57708624,"N":23947347,"convert-time":528.60107421875,"graph_name":"road_usa.mtx.RCM","num-triangles":0,"run-time":4.0904703617095945,"sort-time":4223.33642578125}
