{"M":127002786,"N":8388608,"convert-time":1301.1005859375,"graph_name":"rgg_n_2_23_s0.hub","num-triangles":0,"run-time":254.95028533935547,"sort-time":15704.919921875}
