{"M":60718396,"N":4194304,"convert-time":546.70849609375,"graph_name":"rgg_n_2_22_s0.hub","num-triangles":0,"run-time":38.02828750610352,"sort-time":4161.8115234375}
