{"M":127002786,"N":8388608,"convert-time":1356.1190185546875,"graph_name":"rgg_n_2_23_s0.mtx.RCM","num-triangles":0,"run-time":13.467442893981934,"sort-time":16737.001953125}
