{"M":57708624,"N":23947347,"convert-time":502.05902099609375,"graph_name":"road_usa.deg","num-triangles":0,"run-time":10.98137617111206,"sort-time":3264.2509765625}
