{"M":57708624,"N":23947347,"convert-time":504.86273193359375,"graph_name":"road_usa.chub","num-triangles":0,"run-time":10.854707717895508,"sort-time":3460.9970703125}
