{"M":57708624,"N":23947347,"convert-time":675.8983764648438,"graph_name":"road_usa.hub","num-triangles":0,"run-time":21.424326705932618,"sort-time":5776.8623046875}
