{"M":57708624,"N":23947347,"convert-time":1030.97998046875,"graph_name":"road_usa.gorder","num-triangles":0,"run-time":6.335184144973755,"sort-time":6664.6640625}
