{"M":127002786,"N":8388608,"convert-time":1092.8568115234375,"graph_name":"rgg_n_2_23_s0.rand","num-triangles":0,"run-time":99.39066772460937,"sort-time":14995.80859375}
