{"M":265114400,"N":16777215,"convert-time":2737.562744140625,"graph_name":"rgg_n_2_24_s0.deg","num-triangles":0,"run-time":540.0487670898438,"sort-time":34528.890625}
