{"M":265114400,"N":16777216,"convert-time":2230.084716796875,"graph_name":"rgg_n_2_24_s0.mtx.RCM","num-triangles":0,"run-time":37.66456298828125,"sort-time":22321.8515625}
