{"M":57708624,"N":23947347,"convert-time":522.6793212890625,"graph_name":"road_usa.gorder","num-triangles":0,"run-time":4.248678207397461,"sort-time":3347.346435546875}
