{"M":265114400,"N":16777216,"convert-time":2282.814453125,"graph_name":"rgg_n_2_24_s0.gorder","num-triangles":0,"run-time":38.313880920410156,"sort-time":16218.7265625}
