{"M":127002786,"N":8388607,"convert-time":1851.8900146484375,"graph_name":"rgg_n_2_23_s0.deg","num-triangles":0,"run-time":237.7946044921875,"sort-time":18586.759765625}
