{"M":57708624,"N":23947347,"convert-time":675.0545654296875,"graph_name":"road_usa.rand","num-triangles":0,"run-time":22.666733169555663,"sort-time":9858.3759765625}
