{"M":127002786,"N":8388608,"convert-time":1914.18896484375,"graph_name":"rgg_n_2_23_s0.gorder","num-triangles":0,"run-time":18.049513053894042,"sort-time":15434.0009765625}
