{"M":127002786,"N":8388608,"convert-time":1334.48193359375,"graph_name":"rgg_n_2_23_s0.gorder","num-triangles":0,"run-time":16.130742645263673,"sort-time":13331.23828125}
