{"M":57708624,"N":23947347,"convert-time":1096.623046875,"graph_name":"road_usa.deg","num-triangles":0,"run-time":21.813573837280273,"sort-time":6869.60205078125}
