{"M":265114400,"N":16777216,"convert-time":2702.59814453125,"graph_name":"rgg_n_2_24_s0.mtx.RCM","num-triangles":0,"run-time":29.071728324890138,"sort-time":38303.5234375}
