{"M":60718396,"N":4194304,"convert-time":911.003662109375,"graph_name":"rgg_n_2_22_s0.gorder","num-triangles":0,"run-time":13.844947242736817,"sort-time":8553.1533203125}
