{"M":265114400,"N":16777215,"convert-time":3551.99609375,"graph_name":"rgg_n_2_24_s0.deg","num-triangles":0,"run-time":533.9347351074218,"sort-time":42948.43359375}
