{"M":265114400,"N":16777216,"convert-time":3610.787109375,"graph_name":"rgg_n_2_24_s0.rand","num-triangles":0,"run-time":621.7328552246094,"sort-time":57525.38671875}
