{"M":127002786,"N":8388608,"convert-time":1194.271728515625,"graph_name":"rgg_n_2_23_s0.chub","num-triangles":0,"run-time":95.65481033325196,"sort-time":8555.673828125}
