{"M":57708624,"N":23947347,"convert-time":1019.5369873046875,"graph_name":"road_usa.rand","num-triangles":0,"run-time":21.861480903625488,"sort-time":12036.240234375}
