{"M":127002786,"N":8388608,"convert-time":1885.0560302734375,"graph_name":"rgg_n_2_23_s0.hub","num-triangles":0,"run-time":253.5120101928711,"sort-time":18701.17578125}
