{"M":265114400,"N":16777216,"convert-time":2744.16943359375,"graph_name":"rgg_n_2_24_s0.rand","num-triangles":0,"run-time":628.5715209960938,"sort-time":47795.89453125}
