{"M":57708624,"N":23947347,"convert-time":1108.5260009765625,"graph_name":"road_usa.mtx.RCM","num-triangles":0,"run-time":5.562745714187622,"sort-time":7994.01513671875}
