{"M":60718396,"N":4194304,"convert-time":648.153076171875,"graph_name":"rgg_n_2_22_s0.hub","num-triangles":0,"run-time":107.96324920654297,"sort-time":6952.1416015625}
