{"M":60718396,"N":4194304,"convert-time":514.9921264648438,"graph_name":"rgg_n_2_22_s0.chub","num-triangles":0,"run-time":40.07055320739746,"sort-time":3493.604248046875}
