{"M":127002786,"N":8388607,"convert-time":1398.7890625,"graph_name":"rgg_n_2_23_s0.deg","num-triangles":0,"run-time":240.5213424682617,"sort-time":15823.6865234375}
