{"M":60718396,"N":4194304,"convert-time":852.136962890625,"graph_name":"rgg_n_2_22_s0.mtx.RCM","num-triangles":0,"run-time":8.258995246887206,"sort-time":10963.6025390625}
