{"M":60718396,"N":4194301,"convert-time":1091.612060546875,"graph_name":"rgg_n_2_22_s0.deg","num-triangles":0,"run-time":102.93930511474609,"sort-time":7889.01220703125}
