{"M":127002786,"N":8388608,"convert-time":1870.833984375,"graph_name":"rgg_n_2_23_s0.mtx.RCM","num-triangles":0,"run-time":17.4368989944458,"sort-time":20260.1171875}
