{"M":265114400,"N":16777216,"convert-time":3486.77392578125,"graph_name":"rgg_n_2_24_s0.mtx.RCM","num-triangles":0,"run-time":34.75157127380371,"sort-time":44773.55078125}
