{"M":60718396,"N":4194304,"convert-time":1057.625,"graph_name":"rgg_n_2_22_s0.gorder","num-triangles":0,"run-time":8.635721588134766,"sort-time":6953.619140625}
