{"M":60718396,"N":4194304,"convert-time":698.2451171875,"graph_name":"rgg_n_2_22_s0.rand","num-triangles":0,"run-time":123.53095855712891,"sort-time":9481.46875}
