{"M":265114400,"N":16777216,"convert-time":2332.379150390625,"graph_name":"rgg_n_2_24_s0.edgeW3","num-triangles":0,"run-time":42.32212371826172,"sort-time":30661.064453125}
