{"M":57708624,"N":23947347,"convert-time":666.1109619140625,"graph_name":"road_usa.gorder","num-triangles":0,"run-time":5.041974353790283,"sort-time":5508.744140625}
