{"M":60718396,"N":4194304,"convert-time":1128.2840576171875,"graph_name":"rgg_n_2_22_s0.rand","num-triangles":0,"run-time":124.2828582763672,"sort-time":11536.9580078125}
