{"M":127002786,"N":8388608,"convert-time":1107.7109375,"graph_name":"rgg_n_2_23_s0.hub","num-triangles":0,"run-time":91.60396728515624,"sort-time":8694.0791015625}
