{"M":265114400,"N":16777216,"convert-time":3608.283935546875,"graph_name":"rgg_n_2_24_s0.gorder","num-triangles":0,"run-time":33.850538444519046,"sort-time":34991.15234375}
