{"M":127002786,"N":8388607,"convert-time":1157.274658203125,"graph_name":"rgg_n_2_23_s0.deg","num-triangles":0,"run-time":86.97579498291016,"sort-time":9279.576171875}
