{"M":57708624,"N":23947347,"convert-time":666.7182006835938,"graph_name":"road_usa.mtx.RCM","num-triangles":0,"run-time":4.871910572052002,"sort-time":6533.83056640625}
