{"M":265114400,"N":16777215,"convert-time":2445.52392578125,"graph_name":"rgg_n_2_24_s0.deg","num-triangles":0,"run-time":201.66462097167968,"sort-time":20686.99609375}
