{"M":265114400,"N":16777216,"convert-time":2738.553955078125,"graph_name":"rgg_n_2_24_s0.hub","num-triangles":0,"run-time":563.769140625,"sort-time":34718.87109375}
