{"M":127002786,"N":8388608,"convert-time":1088.711669921875,"graph_name":"rgg_n_2_23_s0.gorder","num-triangles":0,"run-time":17.64822998046875,"sort-time":7101.81689453125}
