{"M":60718396,"N":4194304,"convert-time":583.2386474609375,"graph_name":"rgg_n_2_22_s0.edgeW3","num-triangles":0,"run-time":9.103052997589112,"sort-time":6049.46826171875}
