{"M":57708624,"N":23947347,"convert-time":686.4804077148438,"graph_name":"road_usa.deg","num-triangles":0,"run-time":21.392770957946777,"sort-time":5808.17626953125}
