{"M":127002786,"N":8388608,"convert-time":1148.5634765625,"graph_name":"rgg_n_2_23_s0.edgeW3","num-triangles":0,"run-time":19.2999418258667,"sort-time":12891.68359375}
