{"M":57708624,"N":23947347,"convert-time":496.0563049316406,"graph_name":"road_usa.hub","num-triangles":0,"run-time":10.986188793182373,"sort-time":3279.11328125}
