{"M":60718396,"N":4194304,"convert-time":565.327880859375,"graph_name":"rgg_n_2_22_s0.mtx.RCM","num-triangles":0,"run-time":8.300748872756959,"sort-time":5267.263671875}
