{"M":127002786,"N":8388608,"convert-time":1897.594970703125,"graph_name":"rgg_n_2_23_s0.rand","num-triangles":0,"run-time":280.5402770996094,"sort-time":25877.607421875}
