{"M":60718396,"N":4194304,"convert-time":1116.1409912109375,"graph_name":"rgg_n_2_22_s0.hub","num-triangles":0,"run-time":109.19422760009766,"sort-time":8004.66796875}
