{"M":60718396,"N":4194301,"convert-time":626.524169921875,"graph_name":"rgg_n_2_22_s0.deg","num-triangles":0,"run-time":102.2112060546875,"sort-time":6777.9296875}
