{"M":60718396,"N":4194304,"convert-time":1076.593017578125,"graph_name":"rgg_n_2_22_s0.mtx.RCM","num-triangles":0,"run-time":8.289852857589722,"sort-time":8935.529296875}
