{"M":265114400,"N":16777216,"convert-time":3488.2041015625,"graph_name":"rgg_n_2_24_s0.hub","num-triangles":0,"run-time":557.2514404296875,"sort-time":42042.3046875}
