{"M":265114400,"N":16777216,"convert-time":2292.98681640625,"graph_name":"rgg_n_2_24_s0.rand","num-triangles":0,"run-time":235.23072814941406,"sort-time":33276.16796875}
