{"M":57708624,"N":23947347,"convert-time":506.0474853515625,"graph_name":"road_usa.rand","num-triangles":0,"run-time":10.988032054901122,"sort-time":7653.1025390625}
