{"M":57708624,"N":23947347,"convert-time":507.2680969238281,"graph_name":"road_usa.edgeW3","num-triangles":0,"run-time":4.137983942031861,"sort-time":4533.51416015625}
