{"M":212698418,"N":2997166,"convert-time":1972.0478515625,"graph_name":"soc-orkut.mtx.RCM","num-triangles":0,"run-time":2943.722509765625,"sort-time":24681.56640625}
