{"M":212698418,"N":2997166,"convert-time":2078.202880859375,"graph_name":"soc-orkut.mtx.RCM","num-triangles":0,"run-time":2982.8329345703123,"sort-time":26103.0078125}
