{"M":212698418,"N":2997166,"convert-time":2049.4130859375,"graph_name":"soc-orkut.deg","num-triangles":0,"run-time":11860.99208984375,"sort-time":28257.48046875}
