{"M":212698418,"N":2997166,"convert-time":1957.3155517578125,"graph_name":"soc-orkut.deg","num-triangles":0,"run-time":11857.92763671875,"sort-time":27270.998046875}
