{"M":212698418,"N":2997166,"convert-time":2897.24609375,"graph_name":"soc-orkut.rand","num-triangles":0,"run-time":2068.059375,"sort-time":49317.43359375}
