{"M":212698418,"N":2997166,"convert-time":2003.8656005859375,"graph_name":"soc-orkut.rand","num-triangles":0,"run-time":1880.1628295898438,"sort-time":29961.173828125}
