{"M":212698418,"N":2997166,"convert-time":1959.314453125,"graph_name":"soc-orkut.hub","num-triangles":0,"run-time":11748.406640625,"sort-time":26840.142578125}
