{"M":106349209,"N":2997166,"convert-time":1065.1832275390625,"graph_name":"soc-orkut.gorder","num-triangles":0,"run-time":255.1033920288086,"sort-time":7160.326171875}
