{"M":212698418,"N":2997166,"convert-time":2927.468994140625,"graph_name":"soc-orkut.mtx.RCM","num-triangles":0,"run-time":1844.6586669921876,"sort-time":42216.046875}
