{"M":212698418,"N":2997166,"convert-time":2934.158935546875,"graph_name":"soc-orkut.deg","num-triangles":0,"run-time":3119.8113525390627,"sort-time":45576.10546875}
