{"M":0,"N":1,"convert-time":0.971776008605957,"graph_name":"soc-orkut.edgeW3","num-triangles":0,"run-time":0.3559424113482237,"sort-time":0.005119999870657921}
