{"M":0,"N":1,"convert-time":0.9820160269737244,"graph_name":"soc-orkut.chub","num-triangles":0,"run-time":0.36567039638757703,"sort-time":0.005119999870657921}
