{"M":106349209,"N":2997166,"convert-time":980.7728881835938,"graph_name":"soc-orkut.gorder","num-triangles":0,"run-time":254.24568939208984,"sort-time":6193.7041015625}
