{"M":106349209,"N":2997166,"convert-time":1557.2919921875,"graph_name":"soc-orkut.gorder","num-triangles":0,"run-time":148.91592102050782,"sort-time":13221.583984375}
