{"M":212698418,"N":2997166,"convert-time":2912.673095703125,"graph_name":"soc-orkut.hub","num-triangles":0,"run-time":3126.936279296875,"sort-time":45065.22265625}
