{"M":50331568,"N":8388608,"convert-time":468.4451904296875,"graph_name":"write_reorder2_delaunay_n23","num-triangles":0,"run-time":4.561407947540284,"sort-time":4370.697265625}
