{"M":100663202,"N":16777216,"convert-time":940.2767333984375,"graph_name":"write_reorder2_delaunay_n24","num-triangles":0,"run-time":9.536102485656738,"sort-time":9711.3134765625}
