{"M":60718396,"N":4194304,"convert-time":1010.2579956054688,"graph_name":"write_reorder2_rgg_n_2_22_s0","num-triangles":0,"run-time":8.945196723937988,"sort-time":10482.8603515625}
