{"M":127002786,"N":8388608,"convert-time":1101.96630859375,"graph_name":"write_reorder2_rgg_n_2_23_s0","num-triangles":0,"run-time":18.27839946746826,"sort-time":12536.47265625}
