{"M":25165738,"N":4194304,"convert-time":269.2218933105469,"graph_name":"write_reorder2_delaunay_n22","num-triangles":0,"run-time":2.7201504468917848,"sort-time":3097.573486328125}
