{"M":16313034,"N":7733822,"convert-time":146.46578979492188,"graph_name":"write_reorder2_great-britain_osm","num-triangles":0,"run-time":1.1815935909748077,"sort-time":915.4774780273438}
