{"M":212698418,"N":2997166,"convert-time":2969.175048828125,"graph_name":"write_reorder2_soc-orkut","num-triangles":0,"run-time":5280.442236328125,"sort-time":41635.11328125}
