{"M":16313034,"N":7733822,"convert-time":487.87200927734375,"graph_name":"write_reorder2_great-britain_osm","num-triangles":0,"run-time":3.0277215242385864,"sort-time":1829.927001953125}
