{"M":265114400,"N":16777216,"convert-time":2685.031494140625,"graph_name":"write_reorder2_rgg_n_2_24_s0","num-triangles":0,"run-time":32.74081954956055,"sort-time":41816.03515625}
