{"M":100663202,"N":16777216,"convert-time":1557.572998046875,"graph_name":"write_reorder2_delaunay_n24","num-triangles":0,"run-time":10.996425533294678,"sort-time":16364.0595703125}
