{"M":50331568,"N":8388608,"convert-time":542.8531494140625,"graph_name":"write_reorder2_delaunay_n23","num-triangles":0,"run-time":4.96793270111084,"sort-time":6651.640625}
