{"M":100663202,"N":16777216,"convert-time":1124.4288330078125,"graph_name":"write_reorder2_delaunay_n24","num-triangles":0,"run-time":9.245907402038574,"sort-time":14442.1318359375}
