{"M":57708624,"N":23947347,"convert-time":532.990966796875,"graph_name":"write_reorder2_road_usa","num-triangles":0,"run-time":4.261785507202148,"sort-time":4952.9375}
