{"M":127002786,"N":8388608,"convert-time":1897.175048828125,"graph_name":"write_reorder2_rgg_n_2_23_s0","num-triangles":0,"run-time":19.563209342956544,"sort-time":22813.880859375}
