{"M":89239674,"N":1048576,"convert-time":979.9874267578125,"graph_name":"write_reorder2_kron_g500-logn20","num-triangles":0,"run-time":29919.3484375,"sort-time":16180.359375}
