{"M":127002786,"N":8388608,"convert-time":1332.2342529296875,"graph_name":"write_reorder2_rgg_n_2_23_s0","num-triangles":0,"run-time":16.926220893859863,"sort-time":19800.177734375}
