{"M":50331568,"N":8388608,"convert-time":920.5339965820313,"graph_name":"write_reorder2_delaunay_n23","num-triangles":0,"run-time":6.737747240066528,"sort-time":7648.28515625}
