{"M":60718396,"N":4194304,"convert-time":593.1079711914063,"graph_name":"write_reorder2_rgg_n_2_22_s0","num-triangles":0,"run-time":8.76226577758789,"sort-time":6281.462890625}
