{"M":57708624,"N":23947347,"convert-time":1078.1829833984375,"graph_name":"write_reorder2_road_usa","num-triangles":0,"run-time":5.876665782928467,"sort-time":8385.0791015625}
