{"M":113891327,"N":1139905,"convert-time":1739.4949951171875,"graph_name":"write_reorder2_hollywood-2009","num-triangles":0,"run-time":7410.646875,"sort-time":22421.888671875}
