{"M":16313034,"N":7733822,"convert-time":193.92306518554688,"graph_name":"write_reorder2_great-britain_osm","num-triangles":0,"run-time":1.7789215922355652,"sort-time":1590.4296875}
