{"M":182082942,"N":2097152,"convert-time":1755.209716796875,"graph_name":"write_reorder2_kron_g500-logn21","num-triangles":0,"run-time":108534.5890625,"sort-time":26179.6953125}
