{"M":89239674,"N":1048576,"convert-time":1371.8470458984375,"graph_name":"write_reorder2_kron_g500-logn20","num-triangles":0,"run-time":33385.5458984375,"sort-time":19220.64453125}
