{"M":212698418,"N":2997166,"convert-time":1976.67529296875,"graph_name":"write_reorder2_soc-orkut","num-triangles":0,"run-time":6473.150048828125,"sort-time":24821.689453125}
