{"M":57708624,"N":23947347,"convert-time":665.0582885742188,"graph_name":"write_reorder2_road_usa","num-triangles":0,"run-time":5.6331840515136715,"sort-time":7249.67431640625}
