{"M":113891327,"N":1139905,"convert-time":1144.9364013671875,"graph_name":"write_reorder2_hollywood-2009","num-triangles":0,"run-time":5097.336376953125,"sort-time":13652.6162109375}
