{"M":25165738,"N":4194304,"convert-time":222.56640625,"graph_name":"write_reorder2_delaunay_n22","num-triangles":0,"run-time":2.496614384651184,"sort-time":2037.4046630859375}
