{"M":182082942,"N":2097152,"convert-time":2668.01806640625,"graph_name":"write_reorder2_kron_g500-logn21","num-triangles":0,"run-time":102013.78359375,"sort-time":41837.6875}
