{"M":25165738,"N":4194304,"convert-time":614.3189697265625,"graph_name":"write_reorder2_delaunay_n22","num-triangles":0,"run-time":4.120780801773071,"sort-time":3581.547119140625}
