{"M":265114400,"N":16777216,"convert-time":3467.468994140625,"graph_name":"write_reorder2_rgg_n_2_24_s0","num-triangles":0,"run-time":38.92695083618164,"sort-time":50842.30859375}
