{"M":265114400,"N":16777216,"convert-time":2241.808349609375,"graph_name":"write_reorder2_rgg_n_2_24_s0","num-triangles":0,"run-time":39.272959518432614,"sort-time":28044.853515625}
