{"M":1955352,"N":299067,"convert-time":16.79052734375,"graph_name":"write_reorder2_coAuthorsDBLP","num-triangles":0,"run-time":3.2671743869781493,"sort-time":138.0536346435547}
