{"M":60718396,"N":4194304,"convert-time":866.8549194335938,"graph_name":"write_reorder2_rgg_n_2_22_s0","num-triangles":0,"run-time":9.40153923034668,"sort-time":12352.9833984375}
