{"M":113891327,"N":1139905,"convert-time":1637.5194091796875,"graph_name":"write_reorder2_hollywood-2009","num-triangles":0,"run-time":7406.0662109375,"sort-time":26167.369140625}
