{"M":89239674,"N":1048576,"convert-time":867.5451049804688,"graph_name":"write_reorder2_kron_g500-logn20","num-triangles":0,"run-time":28889.0791015625,"sort-time":12024.3740234375}
