{"M":1628268,"N":227320,"convert-time":13.940735816955566,"graph_name":"write_reorder2_coAuthorsCiteseer","num-triangles":0,"run-time":3.9205888509750366,"sort-time":105.96556854248047}
