{"M":212698418,"N":2997166,"convert-time":1962.3741455078125,"graph_name":"write_reorder2_soc-orkut","num-triangles":0,"run-time":6601.683349609375,"sort-time":22725.00390625}
