{"M":639999458,"N":22744080,"convert-time":7803.37890625,"graph_name":"arabic-2005.deg","run-time":1134.9420166015625,"sort-time":105492.328125}
