{"M":631153669,"N":22744080,"convert-time":6647.89208984375,"graph_name":"arabic-2005.hub","run-time":4186.360693359375,"sort-time":98779.9609375}
