{"M":639999458,"N":22744080,"convert-time":7894.66845703125,"graph_name":"arabic-2005.mtx.RCM","run-time":1028.0299560546875,"sort-time":107309.5390625}
