{"M":631153669,"N":22744080,"convert-time":7728.68017578125,"graph_name":"arabic-2005.hub","run-time":4664.48720703125,"sort-time":116368.625}
