{"M":639999458,"N":22744080,"convert-time":7976.3642578125,"graph_name":"arabic-2005.rand","run-time":10895.09765625,"sort-time":143596.6875}
