{"M":631153669,"N":22744080,"convert-time":6810.8349609375,"graph_name":"arabic-2005.gorder","run-time":1041.8340270996093,"sort-time":83583.8125}
