{"M":631153669,"N":22744080,"convert-time":7799.677734375,"graph_name":"arabic-2005.gorder","run-time":637.4235168457031,"sort-time":95817.03125}
