{"M":639999458,"N":22744080,"convert-time":6811.53759765625,"graph_name":"arabic-2005.deg","run-time":1225.9016845703125,"sort-time":91556.59375}
