{"M":1955352,"N":299067,"convert-time":14.087167739868164,"graph_name":"coAuthorsDBLP.rand","run-time":3.0377984046936035,"sort-time":280.2554931640625}
