{"M":1955352,"N":299067,"convert-time":14.332927703857422,"graph_name":"coAuthorsDBLP.mtx.RCM","run-time":4.124467229843139,"sort-time":215.2294464111328}
