{"M":1955352,"N":299067,"convert-time":13.715456008911133,"graph_name":"coAuthorsDBLP.hub","run-time":5.704499101638794,"sort-time":169.68397521972656}
