{"M":1955352,"N":299067,"convert-time":12.094464302062988,"graph_name":"coAuthorsDBLP.gorder","run-time":3.509484815597534,"sort-time":109.69497680664063}
