{"M":1628268,"N":227320,"convert-time":11.203583717346191,"graph_name":"coAuthorsCiteseer.deg","run-time":5.071155166625976,"sort-time":148.1994171142578}
