{"M":1628268,"N":227320,"convert-time":11.122688293457031,"graph_name":"coAuthorsCiteseer.mtx.RCM","run-time":2.7705344200134276,"sort-time":168.0773162841797}
