{"M":1628268,"N":227320,"convert-time":10.2543363571167,"graph_name":"coAuthorsCiteseer.gorder","run-time":3.0367199420928954,"sort-time":96.04096221923828}
