{"M":1628268,"N":227320,"convert-time":11.411456108093262,"graph_name":"coAuthorsCiteseer.rand","run-time":2.6264575958251952,"sort-time":231.34104919433594}
