{"M":1955352,"N":299067,"convert-time":13.89465618133545,"graph_name":"coAuthorsDBLP.deg","run-time":5.729177522659302,"sort-time":170.36288452148438}
