{"M":1955352,"N":299067,"convert-time":16.56012725830078,"graph_name":"coAuthorsDBLP.rand","run-time":3.694336009025574,"sort-time":273.2799987792969}
