{"M":1628268,"N":227320,"convert-time":11.206656455993652,"graph_name":"coAuthorsCiteseer.gorder","run-time":3.5167231798171996,"sort-time":108.19789123535156}
