{"M":1628268,"N":227320,"convert-time":11.16262435913086,"graph_name":"coAuthorsCiteseer.hub","run-time":5.013910388946533,"sort-time":147.36282348632813}
