{"M":1955352,"N":299067,"convert-time":13.776896476745605,"graph_name":"coAuthorsDBLP.gorder","run-time":4.289740753173828,"sort-time":133.36370849609375}
