{"M":100663202,"N":16777216,"convert-time":1104.09521484375,"graph_name":"delaunay_n24.rand","run-time":51.690803146362306,"sort-time":17019.4375}
