{"M":50331568,"N":8388608,"convert-time":538.6065673828125,"graph_name":"delaunay_n23.rand","run-time":24.54895076751709,"sort-time":7747.5205078125}
