{"M":50331568,"N":8388608,"convert-time":626.1585693359375,"graph_name":"delaunay_n23.rand","run-time":24.248626899719238,"sort-time":9367.2587890625}
