{"M":50331568,"N":8388608,"convert-time":627.7037963867188,"graph_name":"delaunay_n23.mtx.RCM","run-time":2.2824959993362426,"sort-time":7154.83740234375}
