{"M":25165738,"N":4194304,"convert-time":311.3861083984375,"graph_name":"delaunay_n22.mtx.RCM","run-time":1.4931967973709106,"sort-time":3219.844970703125}
