{"M":100663202,"N":16777216,"convert-time":1274.9322509765625,"graph_name":"delaunay_n24.deg","run-time":53.04750099182129,"sort-time":13253.400390625}
