{"M":100663202,"N":16777216,"convert-time":1056.658447265625,"graph_name":"delaunay_n24.mtx.RCM","run-time":5.4426977157592775,"sort-time":13091.796875}
