{"M":50331568,"N":8388608,"convert-time":525.5198974609375,"graph_name":"delaunay_n23.mtx.RCM","run-time":2.9048224449157716,"sort-time":6239.26171875}
