{"M":50331568,"N":8388608,"convert-time":622.1240234375,"graph_name":"delaunay_n23.deg","run-time":23.877939224243164,"sort-time":6258.3583984375}
