{"M":50331568,"N":8388608,"convert-time":527.4132690429688,"graph_name":"delaunay_n23.gorder","run-time":3.2515615940093996,"sort-time":4912.34814453125}
