{"M":100663202,"N":16777216,"convert-time":1285.5531005859375,"graph_name":"delaunay_n24.hub","run-time":53.1107837677002,"sort-time":13814.1318359375}
