{"M":100663202,"N":16777216,"convert-time":1260.5777587890625,"graph_name":"delaunay_n24.mtx.RCM","run-time":3.6676608085632325,"sort-time":15763.0419921875}
