{"M":100663202,"N":16777216,"convert-time":1269.2315673828125,"graph_name":"delaunay_n24.rand","run-time":53.45198059082031,"sort-time":19827.728515625}
