{"M":25165738,"N":4194304,"convert-time":309.0933837890625,"graph_name":"delaunay_n22.hub","run-time":9.714278411865234,"sort-time":2892.19287109375}
