{"M":25165738,"N":4194304,"convert-time":308.7544250488281,"graph_name":"delaunay_n22.gorder","run-time":1.6151551961898805,"sort-time":2546.30615234375}
