{"M":25165738,"N":4194304,"convert-time":264.4183044433594,"graph_name":"delaunay_n22.hub","run-time":10.5329439163208,"sort-time":2433.879150390625}
