{"M":25165738,"N":4194304,"convert-time":266.58612060546875,"graph_name":"delaunay_n22.deg","run-time":10.054159927368165,"sort-time":2454.2607421875}
