{"M":100663202,"N":16777216,"convert-time":1062.9775390625,"graph_name":"delaunay_n24.hub","run-time":51.69675140380859,"sort-time":11565.8955078125}
