{"M":100663202,"N":16777216,"convert-time":1283.4447021484375,"graph_name":"delaunay_n24.gorder","run-time":4.087910389900207,"sort-time":12458.2880859375}
