{"M":50331568,"N":8388608,"convert-time":540.6597290039063,"graph_name":"delaunay_n23.deg","run-time":22.9830078125,"sort-time":5384.4912109375}
