{"M":25165738,"N":4194304,"convert-time":311.49774169921875,"graph_name":"delaunay_n22.deg","run-time":9.695334339141846,"sort-time":2899.29931640625}
