{"M":25165738,"N":4194304,"convert-time":311.9319152832031,"graph_name":"delaunay_n22.rand","run-time":9.912422370910644,"sort-time":4373.373046875}
