{"M":50331568,"N":8388608,"convert-time":624.0614624023438,"graph_name":"delaunay_n23.hub","run-time":23.90906867980957,"sort-time":6341.08837890625}
