{"M":50331568,"N":8388608,"convert-time":626.714599609375,"graph_name":"delaunay_n23.gorder","run-time":2.494156813621521,"sort-time":5508.03125}
