{"M":16313034,"N":7733822,"convert-time":188.5716552734375,"graph_name":"great-britain_osm.gorder","run-time":2.178585577011108,"sort-time":1313.1295166015625}
