{"M":16313034,"N":7733822,"convert-time":191.07839965820313,"graph_name":"great-britain_osm.rand","run-time":8.52043514251709,"sort-time":2359.55810546875}
