{"M":16313034,"N":7733822,"convert-time":221.29458618164063,"graph_name":"great-britain_osm.gorder","run-time":1.6532479882240296,"sort-time":1527.192626953125}
