{"M":16313034,"N":7733822,"convert-time":224.0511932373047,"graph_name":"great-britain_osm.hub","run-time":8.463564777374268,"sort-time":1500.416015625}
