{"M":16313034,"N":7733822,"convert-time":223.82797241210938,"graph_name":"great-britain_osm.mtx.RCM","run-time":2.075545585155487,"sort-time":1727.721435546875}
