{"M":16313034,"N":7733822,"convert-time":222.98521423339844,"graph_name":"great-britain_osm.deg","run-time":8.390758419036866,"sort-time":1490.472900390625}
