{"M":16313034,"N":7733822,"convert-time":195.6812744140625,"graph_name":"great-britain_osm.hub","run-time":8.40714235305786,"sort-time":1390.8685302734375}
