{"M":16313034,"N":7733822,"convert-time":225.93740844726563,"graph_name":"great-britain_osm.rand","run-time":8.576511859893799,"sort-time":2747.966552734375}
