{"M":112751422,"N":1139905,"convert-time":1421.822998046875,"graph_name":"hollywood-2009.hub","run-time":82.67980728149413,"sort-time":18459.072265625}
