{"M":112751422,"N":1139905,"convert-time":1202.81396484375,"graph_name":"hollywood-2009.gorder","run-time":31.42711639404297,"sort-time":11595.955078125}
