{"M":113891327,"N":1139905,"convert-time":1240.44287109375,"graph_name":"hollywood-2009.mtx.RCM","run-time":35.92137908935547,"sort-time":14604.7705078125}
