{"M":113891327,"N":1139905,"convert-time":1431.045166015625,"graph_name":"hollywood-2009.mtx.RCM","run-time":57.28542709350586,"sort-time":16766.59375}
