{"M":112751422,"N":1107243,"convert-time":1203.3853759765625,"graph_name":"hollywood-2009.deg","run-time":40.77876853942871,"sort-time":15808.8134765625}
