{"M":112751422,"N":1107243,"convert-time":1435.974609375,"graph_name":"hollywood-2009.deg","run-time":78.97886810302734,"sort-time":18917.646484375}
