{"M":113891327,"N":1139905,"convert-time":1202.503662109375,"graph_name":"hollywood-2009.rand","run-time":52.08134765625,"sort-time":19305.68359375}
