{"M":112751422,"N":1139905,"convert-time":1438.32373046875,"graph_name":"hollywood-2009.gorder","run-time":64.1499137878418,"sort-time":13976.638671875}
