{"M":113891327,"N":1139905,"convert-time":1441.8370361328125,"graph_name":"hollywood-2009.rand","run-time":57.28890838623047,"sort-time":23506.08203125}
