{"M":182081864,"N":2097152,"convert-time":1987.9925537109375,"graph_name":"kron_g500-logn21.gorder","run-time":117.9579963684082,"sort-time":21182.29296875}
