{"M":182081864,"N":2097152,"convert-time":2349.03662109375,"graph_name":"kron_g500-logn21.hub","run-time":518.3427612304688,"sort-time":33623.42578125}
