{"M":89238804,"N":1048576,"convert-time":977.8125,"graph_name":"kron_g500-logn20.gorder","run-time":67.96220664978027,"sort-time":9235.1728515625}
