{"M":182081864,"N":2097152,"convert-time":2336.125,"graph_name":"kron_g500-logn21.gorder","run-time":508.476416015625,"sort-time":23909.3203125}
