{"M":182082942,"N":2097152,"convert-time":2259.73974609375,"graph_name":"kron_g500-logn21.mtx.RCM","run-time":398.36241149902344,"sort-time":31278.623046875}
