{"M":89239674,"N":1048576,"convert-time":1127.499755859375,"graph_name":"kron_g500-logn20.mtx.RCM","run-time":144.01095733642578,"sort-time":14598.78515625}
