{"M":89238804,"N":795241,"convert-time":1127.7025146484375,"graph_name":"kron_g500-logn20.deg","run-time":299.102001953125,"sort-time":15338.40625}
