{"M":182081864,"N":2097152,"convert-time":2000.058349609375,"graph_name":"kron_g500-logn21.hub","run-time":137.36707916259766,"sort-time":28821.380859375}
