{"M":89238804,"N":1048576,"convert-time":1141.3248291015625,"graph_name":"kron_g500-logn20.hub","run-time":304.3598327636719,"sort-time":15188.828125}
