{"M":89238804,"N":1048576,"convert-time":1146.203125,"graph_name":"kron_g500-logn20.gorder","run-time":297.9523620605469,"sort-time":10679.7373046875}
