{"M":182082942,"N":2097152,"convert-time":2330.53173828125,"graph_name":"kron_g500-logn21.rand","run-time":180.05729217529296,"sort-time":42909.75390625}
