{"M":89239674,"N":1048576,"convert-time":983.3277587890625,"graph_name":"kron_g500-logn20.rand","run-time":44.113983917236325,"sort-time":17197.06640625}
