{"M":182081864,"N":1544087,"convert-time":2342.41845703125,"graph_name":"kron_g500-logn21.deg","run-time":501.6120269775391,"sort-time":33665.7890625}
