{"M":89239674,"N":1048576,"convert-time":1139.8399658203125,"graph_name":"kron_g500-logn20.rand","run-time":50.45575637817383,"sort-time":19726.94921875}
