{"M":79023142,"N":5363260,"convert-time":984.6814575195313,"graph_name":"ljournal-2008.mtx.RCM","run-time":227.33270721435548,"sort-time":13666.458984375}
