{"M":79023142,"N":5363260,"convert-time":992.7249755859375,"graph_name":"ljournal-2008.rand","run-time":647.8420104980469,"sort-time":17377.68359375}
