{"M":79023142,"N":5363260,"convert-time":887.8724975585938,"graph_name":"ljournal-2008.rand","run-time":639.5930297851562,"sort-time":14571.3427734375}
