{"M":77991514,"N":5363260,"convert-time":986.3936157226563,"graph_name":"ljournal-2008.gorder","run-time":223.21551361083985,"sort-time":9240.541015625}
