{"M":77991514,"N":5363260,"convert-time":870.8853759765625,"graph_name":"ljournal-2008.gorder","run-time":208.17108001708985,"sort-time":8014.884765625}
