{"M":77991514,"N":5363260,"convert-time":982.8710327148438,"graph_name":"ljournal-2008.hub","run-time":485.78724060058596,"sort-time":11833.7919921875}
