{"M":79023142,"N":5363260,"convert-time":985.1791381835938,"graph_name":"ljournal-2008.deg","run-time":226.48452911376953,"sort-time":14120.84765625}
