{"M":265114400,"N":16777216,"convert-time":3193.460693359375,"graph_name":"rgg_n_2_24_s0.rand","run-time":137.3052947998047,"sort-time":55855.78515625}
