{"M":57708624,"N":23947347,"convert-time":684.1466674804688,"graph_name":"road_usa.mtx.RCM","run-time":5.777238368988037,"sort-time":6646.744140625}
