{"M":57708624,"N":23947347,"convert-time":793.8242797851563,"graph_name":"road_usa.deg","run-time":32.5208065032959,"sort-time":6637.3046875}
