{"M":127002786,"N":8388608,"convert-time":1558.581298828125,"graph_name":"rgg_n_2_23_s0.rand","run-time":58.97349166870117,"sort-time":25260.162109375}
