{"M":60718396,"N":4194304,"convert-time":739.2973022460938,"graph_name":"rgg_n_2_22_s0.gorder","run-time":2.2172672033309935,"sort-time":6820.1328125}
