{"M":127002786,"N":8388608,"convert-time":1354.67626953125,"graph_name":"rgg_n_2_23_s0.mtx.RCM","run-time":6.1866144180297855,"sort-time":16636.8828125}
