{"M":127002786,"N":8388608,"convert-time":1546.281982421875,"graph_name":"rgg_n_2_23_s0.hub","run-time":54.62005805969238,"sort-time":18223.85546875}
