{"M":57708624,"N":23947347,"convert-time":786.5599975585938,"graph_name":"road_usa.gorder","run-time":3.5115007877349855,"sort-time":6654.57568359375}
