{"M":57708624,"N":23947347,"convert-time":766.3411254882813,"graph_name":"road_usa.rand","run-time":33.1146240234375,"sort-time":11610.3740234375}
