{"M":265114400,"N":16777215,"convert-time":2773.80712890625,"graph_name":"rgg_n_2_24_s0.deg","run-time":124.24639434814453,"sort-time":35606.328125}
