{"M":127002786,"N":8388608,"convert-time":1565.7113037109375,"graph_name":"rgg_n_2_23_s0.mtx.RCM","run-time":3.5151871919631956,"sort-time":20337.96875}
