{"M":127002786,"N":8388607,"convert-time":1550.0369873046875,"graph_name":"rgg_n_2_23_s0.deg","run-time":53.36801261901856,"sort-time":18686.255859375}
