{"M":265114400,"N":16777216,"convert-time":3231.3681640625,"graph_name":"rgg_n_2_24_s0.mtx.RCM","run-time":6.412902402877807,"sort-time":46250.20703125}
