{"M":265114400,"N":16777216,"convert-time":3190.73291015625,"graph_name":"rgg_n_2_24_s0.hub","run-time":130.61621704101563,"sort-time":40236.109375}
