{"M":60718396,"N":4194301,"convert-time":747.3336181640625,"graph_name":"rgg_n_2_22_s0.deg","run-time":19.10773754119873,"sort-time":7968.93408203125}
