{"M":127002786,"N":8388608,"convert-time":1330.07666015625,"graph_name":"rgg_n_2_23_s0.hub","run-time":53.322940826416016,"sort-time":15752.048828125}
