{"M":57708624,"N":23947347,"convert-time":793.9246215820313,"graph_name":"road_usa.hub","run-time":33.22849292755127,"sort-time":6960.96875}
