{"M":265114400,"N":16777216,"convert-time":2718.2060546875,"graph_name":"rgg_n_2_24_s0.hub","run-time":125.51665573120117,"sort-time":35458.7734375}
