{"M":127002786,"N":8388608,"convert-time":1579.546630859375,"graph_name":"rgg_n_2_23_s0.gorder","run-time":3.683020830154419,"sort-time":15878.07421875}
