{"M":265114400,"N":16777215,"convert-time":3208.21240234375,"graph_name":"rgg_n_2_24_s0.deg","run-time":129.84586486816406,"sort-time":40863.88671875}
