{"M":60718396,"N":4194304,"convert-time":749.179931640625,"graph_name":"rgg_n_2_22_s0.rand","run-time":22.57725429534912,"sort-time":11375.1943359375}
