{"M":265114400,"N":16777216,"convert-time":2706.74853515625,"graph_name":"rgg_n_2_24_s0.rand","run-time":132.88354034423827,"sort-time":47312.3203125}
