{"M":265114400,"N":16777216,"convert-time":3230.561279296875,"graph_name":"rgg_n_2_24_s0.gorder","run-time":6.579097652435303,"sort-time":35928.23046875}
