{"M":60718396,"N":4194304,"convert-time":616.9384765625,"graph_name":"rgg_n_2_22_s0.mtx.RCM","run-time":2.8998528003692625,"sort-time":7406.923828125}
