{"M":57708624,"N":23947347,"convert-time":793.07470703125,"graph_name":"road_usa.mtx.RCM","run-time":3.0998528003692627,"sort-time":7611.6796875}
