{"M":68993773,"N":4847571,"convert-time":859.3704833984375,"graph_name":"soc-LiveJournal1.mtx.RCM","run-time":157.66824798583986,"sort-time":11985.126953125}
