{"M":212698418,"N":2997166,"convert-time":2667.087890625,"graph_name":"soc-orkut.mtx.RCM","run-time":371.90758056640624,"sort-time":40522.14453125}
