{"M":106349209,"N":2997166,"convert-time":1324.0576171875,"graph_name":"soc-orkut.gorder","run-time":430.8337677001953,"sort-time":13031.154296875}
