{"M":212698418,"N":2997166,"convert-time":2661.57763671875,"graph_name":"soc-orkut.deg","run-time":680.4366394042969,"sort-time":45808.79296875}
