{"M":212698418,"N":2997166,"convert-time":2311.954345703125,"graph_name":"soc-orkut.mtx.RCM","run-time":281.87146911621096,"sort-time":35033.5390625}
