{"M":212698418,"N":2997166,"convert-time":2304.395263671875,"graph_name":"soc-orkut.deg","run-time":511.612060546875,"sort-time":37584.35546875}
