{"M":68475391,"N":4847571,"convert-time":849.997802734375,"graph_name":"soc-LiveJournal1.hub","run-time":320.0615478515625,"sort-time":10007.4716796875}
