{"M":68993773,"N":4847571,"convert-time":753.0260620117188,"graph_name":"soc-LiveJournal1.rand","run-time":437.7139556884766,"sort-time":13321.3662109375}
