{"M":68475391,"N":4846608,"convert-time":871.6011352539063,"graph_name":"soc-LiveJournal1.gorder","run-time":145.87627563476562,"sort-time":8000.419921875}
