{"M":68993773,"N":4847571,"convert-time":866.8283081054688,"graph_name":"soc-LiveJournal1.deg","run-time":185.70413970947266,"sort-time":13438.763671875}
