{"M":106349209,"N":2997166,"convert-time":1144.5504150390625,"graph_name":"soc-orkut.gorder","run-time":391.52248229980466,"sort-time":11128.5234375}
