{"M":212698418,"N":2997166,"convert-time":2662.854736328125,"graph_name":"soc-orkut.rand","run-time":1019.57734375,"sort-time":48010.85546875}
