{"M":68993773,"N":4847571,"convert-time":864.0829467773438,"graph_name":"soc-LiveJournal1.rand","run-time":447.23158569335936,"sort-time":16043.8447265625}
