{"M":212698418,"N":2997166,"convert-time":2664.6201171875,"graph_name":"soc-orkut.hub","run-time":711.381201171875,"sort-time":45271.48828125}
