{"M":1955352,"N":299067,"convert-time":18.707456588745117,"graph_name":"write_reorder2_coAuthorsDBLP","run-time":3.762073612213135,"sort-time":232.30157470703125}
