{"M":639999458,"N":22744080,"convert-time":7895.34619140625,"graph_name":"write_reorder2_arabic-2005","run-time":848.2891784667969,"sort-time":115099.6640625}
