{"M":57708624,"N":23947347,"convert-time":791.2509155273438,"graph_name":"write_reorder2_road_usa","run-time":3.5744768142700196,"sort-time":8328.931640625}
