{"M":113891327,"N":1139905,"convert-time":1255.203857421875,"graph_name":"write_reorder2_hollywood-2009","run-time":31.74188823699951,"sort-time":18542.013671875}
