{"M":60718396,"N":4194304,"convert-time":741.0001831054688,"graph_name":"write_reorder2_rgg_n_2_22_s0","run-time":2.76080641746521,"sort-time":10029.48046875}
