{"M":16313034,"N":7733822,"convert-time":223.73785400390625,"graph_name":"write_reorder2_great-britain_osm","run-time":1.7513471961021423,"sort-time":1747.9505615234375}
