{"M":182082942,"N":2097152,"convert-time":2336.046142578125,"graph_name":"write_reorder2_kron_g500-logn21","run-time":118.73034133911133,"sort-time":42375.8671875}
