{"M":89239674,"N":1048576,"convert-time":1128.3763427734375,"graph_name":"write_reorder2_kron_g500-logn20","run-time":58.4893440246582,"sort-time":19356.3828125}
