{"M":25165738,"N":4194304,"convert-time":314.60760498046875,"graph_name":"write_reorder2_delaunay_n22","run-time":1.685913586616516,"sort-time":3568.11474609375}
