{"M":79023142,"N":5363260,"convert-time":862.0667114257813,"graph_name":"write_reorder2_ljournal-2008","run-time":205.0052963256836,"sort-time":13546.5849609375}
