{"M":50331568,"N":8388608,"convert-time":636.7098999023438,"graph_name":"write_reorder2_delaunay_n23","run-time":2.6128384351730345,"sort-time":7834.76220703125}
