{"M":212698418,"N":2997166,"convert-time":2308.16552734375,"graph_name":"write_reorder2_soc-orkut","run-time":374.0654724121094,"sort-time":34659.41015625}
