{"M":68993773,"N":4847571,"convert-time":869.6473388671875,"graph_name":"write_reorder2_soc-LiveJournal1","run-time":179.2267272949219,"sort-time":14330.3603515625}
