{"M":89239674,"N":1048576,"convert-time":985.0951538085938,"graph_name":"write_reorder2_kron_g500-logn20","run-time":41.095526123046874,"sort-time":16365.0478515625}
