{"M":79023142,"N":5363260,"convert-time":989.1358642578125,"graph_name":"write_reorder2_ljournal-2008","run-time":242.39431762695313,"sort-time":16293.935546875}
