{"M":113891327,"N":1139905,"convert-time":1434.23486328125,"graph_name":"write_reorder2_hollywood-2009","run-time":42.977382278442384,"sort-time":22379.521484375}
