{"M":212698418,"N":2997166,"convert-time":2671.75732421875,"graph_name":"write_reorder2_soc-orkut","run-time":489.14769592285154,"sort-time":39809.42578125}
