{"M":60718396,"N":4194304,"convert-time":615.657470703125,"graph_name":"write_reorder2_rgg_n_2_22_s0","run-time":3.9543807983398436,"sort-time":8489.8251953125}
