{"M":265114400,"N":16777216,"convert-time":3210.5390625,"graph_name":"write_reorder2_rgg_n_2_24_s0","run-time":8.253132867813111,"sort-time":50119.20703125}
