{"M":50331568,"N":8388608,"convert-time":551.7485961914063,"graph_name":"write_reorder2_delaunay_n23","run-time":3.3487072467803953,"sort-time":6464.763671875}
