{"M":1628268,"N":227320,"convert-time":11.346943855285645,"graph_name":"write_reorder2_coAuthorsCiteseer","run-time":3.1426560163497923,"sort-time":184.01895141601563}
