{"M":127002786,"N":8388608,"convert-time":1570.03369140625,"graph_name":"write_reorder2_rgg_n_2_23_s0","run-time":4.474777603149414,"sort-time":22606.595703125}
