{"M":100663202,"N":16777216,"convert-time":1295.56884765625,"graph_name":"write_reorder2_delaunay_n24","run-time":4.419584083557129,"sort-time":16807.400390625}
