{"M":265114400,"N":16777216,"convert-time":2918.828125,"graph_name":"write_reorder2_rgg_n_2_24_s0","run-time":8.88700180053711,"sort-time":42460.609375}
