{"M":182081864,"N":2097152,"convert-time":1933.2823486328125,"graph_name":"kron_g500-logn21.gorder","run-time":5.1918848037719725,"sort-time":20798.01171875}
