{"M":57708624,"N":23947347,"convert-time":770.3377685546875,"graph_name":"road_usa.gorder","run-time":3.041484761238098,"sort-time":6518.48486328125}
