{"M":112751422,"N":1139905,"convert-time":1394.7965087890625,"graph_name":"hollywood-2009.gorder","run-time":2.9289472103118896,"sort-time":13907.7998046875}
