{"M":182081864,"N":2097152,"convert-time":2306.169921875,"graph_name":"kron_g500-logn21.gorder","run-time":5.328179168701172,"sort-time":24625.62109375}
