{"M":79023142,"N":5363260,"convert-time":828.3238525390625,"graph_name":"ljournal-2008.deg","run-time":3.990118384361267,"sort-time":11833.9892578125}
