{"M":57708624,"N":23947347,"convert-time":782.7814331054688,"graph_name":"road_usa.deg","run-time":12.217036724090576,"sort-time":6756.52294921875}
