{"M":1628268,"N":227320,"convert-time":11.35103988647461,"graph_name":"coAuthorsCiteseer.mtx.RCM","run-time":0.37150719538331034,"sort-time":164.39808654785156}
