{"M":50331568,"N":8388608,"convert-time":611.8994140625,"graph_name":"delaunay_n23.gorder","run-time":1.8889728307723999,"sort-time":5673.6591796875}
