{"M":50331568,"N":8388608,"convert-time":615.2294311523438,"graph_name":"delaunay_n23.mtx.RCM","run-time":1.8636799812316895,"sort-time":6971.08154296875}
