{"M":68993773,"N":4847571,"convert-time":754.1575927734375,"graph_name":"write_reorder2_soc-LiveJournal1","run-time":5.629951858520508,"sort-time":12328.314453125}
