{"M":68993773,"N":4847571,"convert-time":874.6281127929688,"graph_name":"soc-LiveJournal1.mtx.RCM","run-time":3.2930816173553468,"sort-time":11907.3701171875}
