{"M":1955352,"N":299067,"convert-time":13.194239616394043,"graph_name":"coAuthorsDBLP.mtx.RCM","run-time":0.3262464106082916,"sort-time":176.7731170654297}
