{"M":1628268,"N":227320,"convert-time":11.968511581420898,"graph_name":"coAuthorsCiteseer.deg","run-time":0.3804160110652447,"sort-time":141.7205810546875}
