{"M":25165738,"N":4194304,"convert-time":305.6752624511719,"graph_name":"write_reorder2_delaunay_n22","run-time":1.1792384088039398,"sort-time":3595.832275390625}
