{"M":182082942,"N":2097152,"convert-time":1956.326416015625,"graph_name":"write_reorder2_kron_g500-logn21","run-time":5.4743040084838865,"sort-time":35128.4375}
