{"M":1955352,"N":299067,"convert-time":13.841407775878906,"graph_name":"coAuthorsDBLP.hub","run-time":0.3871743991971016,"sort-time":168.732666015625}
