{"M":1628268,"N":227320,"convert-time":9.632767677307129,"graph_name":"coAuthorsCiteseer.gorder","run-time":0.3160063959658146,"sort-time":90.80934143066406}
