{"M":50331568,"N":8388608,"convert-time":604.6689453125,"graph_name":"write_reorder2_delaunay_n23","run-time":1.9051520228385925,"sort-time":7675.0283203125}
