{"M":639999458,"N":22744080,"convert-time":7879.81005859375,"graph_name":"arabic-2005.rand","run-time":93.66681671142578,"sort-time":139885.375}
