{"M":127002786,"N":8388608,"convert-time":1548.5880126953125,"graph_name":"write_reorder2_rgg_n_2_23_s0","run-time":3.413913607597351,"sort-time":23147.931640625}
