{"M":100663202,"N":16777216,"convert-time":1255.11572265625,"graph_name":"delaunay_n24.hub","run-time":18.54453754425049,"sort-time":13830.78515625}
