{"M":16313034,"N":7733822,"convert-time":191.604736328125,"graph_name":"great-britain_osm.deg","run-time":3.550105619430542,"sort-time":1360.3717041015625}
