{"M":265114400,"N":16777216,"convert-time":3265.282958984375,"graph_name":"rgg_n_2_24_s0.gorder","run-time":6.780415964126587,"sort-time":35444.0625}
