{"M":182081864,"N":2097152,"convert-time":2320.1884765625,"graph_name":"kron_g500-logn21.hub","run-time":5.7986047744750975,"sort-time":33357.3984375}
