{"M":68993773,"N":4847571,"convert-time":882.7637939453125,"graph_name":"soc-LiveJournal1.rand","run-time":7.735087966918945,"sort-time":15915.4375}
