{"M":127002786,"N":8388608,"convert-time":1317.74365234375,"graph_name":"rgg_n_2_23_s0.rand","run-time":18.81640968322754,"sort-time":21607.896484375}
