{"M":89238804,"N":795241,"convert-time":948.4605712890625,"graph_name":"kron_g500-logn20.deg","run-time":2.7071488380432127,"sort-time":12957.3701171875}
