{"M":113891327,"N":1139905,"convert-time":1199.340576171875,"graph_name":"write_reorder2_hollywood-2009","run-time":2.996838426589966,"sort-time":18138.107421875}
