{"M":89238804,"N":1048576,"convert-time":1148.7498779296875,"graph_name":"kron_g500-logn20.hub","run-time":2.664857602119446,"sort-time":15349.35546875}
