{"M":16313034,"N":7733822,"convert-time":220.76211547851563,"graph_name":"great-britain_osm.rand","run-time":3.1175679922103883,"sort-time":2701.2587890625}
