{"M":1955352,"N":299067,"convert-time":14.071807861328125,"graph_name":"coAuthorsDBLP.deg","run-time":0.3907584071159363,"sort-time":169.0828857421875}
