{"M":212698418,"N":2997166,"convert-time":2255.887451171875,"graph_name":"write_reorder2_soc-orkut","run-time":8.499712085723877,"sort-time":33796.55078125}
