{"M":50331568,"N":8388608,"convert-time":528.7557373046875,"graph_name":"write_reorder2_delaunay_n23","run-time":1.8347007989883424,"sort-time":6407.1259765625}
