{"M":212698418,"N":2997166,"convert-time":2237.88134765625,"graph_name":"soc-orkut.deg","run-time":11.415347290039062,"sort-time":38372.42578125}
