{"M":182082942,"N":2097152,"convert-time":2320.81396484375,"graph_name":"kron_g500-logn21.mtx.RCM","run-time":5.040025615692139,"sort-time":31588.037109375}
