{"M":68475391,"N":4847571,"convert-time":871.3850708007813,"graph_name":"soc-LiveJournal1.hub","run-time":4.888473558425903,"sort-time":10001.12109375}
