{"M":60718396,"N":4194304,"convert-time":629.6432495117188,"graph_name":"rgg_n_2_22_s0.rand","run-time":6.616576099395752,"sort-time":9667.2392578125}
