{"M":89239674,"N":1048576,"convert-time":1133.7481689453125,"graph_name":"write_reorder2_kron_g500-logn20","run-time":2.674380826950073,"sort-time":19209.455078125}
