{"M":25165738,"N":4194304,"convert-time":304.247802734375,"graph_name":"delaunay_n22.mtx.RCM","run-time":1.1077632069587708,"sort-time":3189.34521484375}
