{"M":1628268,"N":227320,"convert-time":11.323391914367676,"graph_name":"coAuthorsCiteseer.hub","run-time":0.3761151984333992,"sort-time":147.09555053710938}
