{"M":50331568,"N":8388608,"convert-time":519.19873046875,"graph_name":"delaunay_n23.gorder","run-time":1.799168014526367,"sort-time":4906.32080078125}
