{"M":182082942,"N":2097152,"convert-time":1977.5252685546875,"graph_name":"kron_g500-logn21.rand","run-time":9.850777769088745,"sort-time":36620.5703125}
