{"M":265114400,"N":16777216,"convert-time":3259.87841796875,"graph_name":"write_reorder2_rgg_n_2_24_s0","run-time":8.9668607711792,"sort-time":50476.94140625}
