{"M":1955352,"N":299067,"convert-time":12.106752395629883,"graph_name":"coAuthorsDBLP.rand","run-time":0.3808255925774574,"sort-time":236.05453491210938}
