{"M":60718396,"N":4194304,"convert-time":732.6248779296875,"graph_name":"rgg_n_2_22_s0.hub","run-time":5.857996797561645,"sort-time":8032.76806640625}
