{"M":182082942,"N":2097152,"convert-time":1951.3978271484375,"graph_name":"kron_g500-logn21.mtx.RCM","run-time":5.125017547607422,"sort-time":26816.736328125}
