{"M":68993773,"N":4847571,"convert-time":870.5494995117188,"graph_name":"soc-LiveJournal1.deg","run-time":4.000051212310791,"sort-time":13211.138671875}
