{"M":100663202,"N":16777216,"convert-time":1065.1279296875,"graph_name":"delaunay_n24.hub","run-time":21.233152389526367,"sort-time":11506.017578125}
