{"M":100663202,"N":16777216,"convert-time":1248.4781494140625,"graph_name":"delaunay_n24.deg","run-time":18.440499305725098,"sort-time":13602.90625}
