{"M":79023142,"N":5363260,"convert-time":995.4662475585938,"graph_name":"ljournal-2008.deg","run-time":4.104396724700928,"sort-time":14059.767578125}
