{"M":212698418,"N":2997166,"convert-time":2665.75146484375,"graph_name":"soc-orkut.deg","run-time":11.137638473510743,"sort-time":44553.02734375}
