{"M":50331568,"N":8388608,"convert-time":630.9837036132813,"graph_name":"delaunay_n23.hub","run-time":8.084992027282714,"sort-time":6298.21240234375}
