{"M":212698418,"N":2997166,"convert-time":2623.12451171875,"graph_name":"soc-orkut.mtx.RCM","run-time":7.6220416069030765,"sort-time":40268.34375}
