{"M":60718396,"N":4194304,"convert-time":741.3851928710938,"graph_name":"rgg_n_2_22_s0.gorder","run-time":1.9570688009262085,"sort-time":6751.85888671875}
