{"M":1955352,"N":299067,"convert-time":13.925375938415527,"graph_name":"coAuthorsDBLP.mtx.RCM","run-time":0.37160959392786025,"sort-time":202.27174377441406}
