{"M":79023142,"N":5363260,"convert-time":1016.2288818359375,"graph_name":"ljournal-2008.rand","run-time":9.24180498123169,"sort-time":17020.435546875}
