{"M":25165738,"N":4194304,"convert-time":294.4286804199219,"graph_name":"delaunay_n22.deg","run-time":3.119206428527832,"sort-time":2456.14990234375}
