{"M":79023142,"N":5363260,"convert-time":983.4557495117188,"graph_name":"write_reorder2_ljournal-2008","run-time":3.7778432369232178,"sort-time":15768.609375}
