{"M":25165738,"N":4194304,"convert-time":263.55712890625,"graph_name":"delaunay_n22.rand","run-time":3.176448035240173,"sort-time":3683.085205078125}
