{"M":68475391,"N":4846608,"convert-time":867.8133544921875,"graph_name":"soc-LiveJournal1.gorder","run-time":3.00021755695343,"sort-time":8113.3896484375}
