{"M":127002786,"N":8388608,"convert-time":1526.5361328125,"graph_name":"rgg_n_2_23_s0.rand","run-time":18.98598403930664,"sort-time":25489.693359375}
