{"M":50331568,"N":8388608,"convert-time":519.5397338867188,"graph_name":"delaunay_n23.mtx.RCM","run-time":3.780505669116974,"sort-time":5974.21484375}
