{"M":60718396,"N":4194304,"convert-time":622.2427978515625,"graph_name":"write_reorder2_rgg_n_2_22_s0","run-time":1.980825626850128,"sort-time":8469.763671875}
