{"M":16313034,"N":7733822,"convert-time":218.91378784179688,"graph_name":"write_reorder2_great-britain_osm","run-time":1.484697598218918,"sort-time":1683.541015625}
