{"M":79023142,"N":5363260,"convert-time":980.0325317382813,"graph_name":"ljournal-2008.mtx.RCM","run-time":3.7659647703170775,"sort-time":13829.6484375}
