{"M":113891327,"N":1139905,"convert-time":1422.172119140625,"graph_name":"hollywood-2009.mtx.RCM","run-time":2.868326425552368,"sort-time":16800.17578125}
