{"M":113891327,"N":1139905,"convert-time":1400.4541015625,"graph_name":"write_reorder2_hollywood-2009","run-time":3.0622719526290894,"sort-time":21564.041015625}
