{"M":60718396,"N":4194304,"convert-time":733.338623046875,"graph_name":"rgg_n_2_22_s0.rand","run-time":6.6294783592224125,"sort-time":11384.041015625}
