{"M":16313034,"N":7733822,"convert-time":219.43399047851563,"graph_name":"great-britain_osm.mtx.RCM","run-time":1.2323840141296387,"sort-time":1702.1051025390625}
