{"M":100663202,"N":16777216,"convert-time":1246.712890625,"graph_name":"delaunay_n24.mtx.RCM","run-time":3.460505652427673,"sort-time":15010.4599609375}
