{"M":113891327,"N":1139905,"convert-time":1188.275146484375,"graph_name":"hollywood-2009.mtx.RCM","run-time":2.9188096046447756,"sort-time":14238.154296875}
