{"M":182081864,"N":1544087,"convert-time":2306.472900390625,"graph_name":"kron_g500-logn21.deg","run-time":5.330124759674073,"sort-time":33505.46484375}
