{"M":79023142,"N":5363260,"convert-time":861.960205078125,"graph_name":"write_reorder2_ljournal-2008","run-time":3.729817605018616,"sort-time":13696.8447265625}
