{"M":57708624,"N":23947347,"convert-time":764.7283325195313,"graph_name":"road_usa.hub","run-time":12.115148735046386,"sort-time":6944.57568359375}
