{"M":89239674,"N":1048576,"convert-time":1136.5028076171875,"graph_name":"kron_g500-logn20.mtx.RCM","run-time":2.487193536758423,"sort-time":14341.412109375}
