{"M":265114400,"N":16777216,"convert-time":3298.705322265625,"graph_name":"rgg_n_2_24_s0.rand","run-time":47.65593566894531,"sort-time":56603.15234375}
