{"M":1628268,"N":227320,"convert-time":26.57587242126465,"graph_name":"coAuthorsCiteseer.hub","run-time":0.33751039654016496,"sort-time":134.20748901367188}
