{"M":60718396,"N":4194304,"convert-time":728.0824584960938,"graph_name":"write_reorder2_rgg_n_2_22_s0","run-time":1.8511871933937072,"sort-time":10280.787109375}
