{"M":112751422,"N":1139905,"convert-time":1407.3057861328125,"graph_name":"hollywood-2009.hub","run-time":3.678105616569519,"sort-time":18322.9765625}
