{"M":265114400,"N":16777216,"convert-time":3293.81689453125,"graph_name":"rgg_n_2_24_s0.hub","run-time":44.43535385131836,"sort-time":41205.70703125}
