{"M":265114400,"N":16777215,"convert-time":3265.67431640625,"graph_name":"rgg_n_2_24_s0.deg","run-time":43.7234691619873,"sort-time":42073.3515625}
