{"M":1955352,"N":299067,"convert-time":14.185471534729004,"graph_name":"coAuthorsDBLP.rand","run-time":0.3946495920419693,"sort-time":277.46917724609375}
