{"M":89239674,"N":1048576,"convert-time":975.3548583984375,"graph_name":"kron_g500-logn20.rand","run-time":3.5305471897125242,"sort-time":16878.51171875}
