{"M":25165738,"N":4194304,"convert-time":308.5086669921875,"graph_name":"delaunay_n22.rand","run-time":3.1415296316146852,"sort-time":4335.41943359375}
