{"M":89238804,"N":795241,"convert-time":1143.867431640625,"graph_name":"kron_g500-logn20.deg","run-time":2.4988672018051146,"sort-time":15270.4599609375}
