{"M":106349209,"N":2997166,"convert-time":1295.3343505859375,"graph_name":"soc-orkut.gorder","run-time":4.368179178237915,"sort-time":12871.65625}
