{"M":16313034,"N":7733822,"convert-time":220.85427856445313,"graph_name":"great-britain_osm.hub","run-time":3.072000026702881,"sort-time":1521.5892333984375}
