{"M":212698418,"N":2997166,"convert-time":2639.930419921875,"graph_name":"write_reorder2_soc-orkut","run-time":8.546406316757203,"sort-time":40691.265625}
