{"M":182082942,"N":2097152,"convert-time":2306.888671875,"graph_name":"kron_g500-logn21.rand","run-time":8.571494388580323,"sort-time":42246.1796875}
