{"M":89238804,"N":1048576,"convert-time":1153.0875244140625,"graph_name":"kron_g500-logn20.gorder","run-time":2.507366394996643,"sort-time":10969.41796875}
