{"M":100663202,"N":16777216,"convert-time":1245.5731201171875,"graph_name":"delaunay_n24.rand","run-time":18.68144645690918,"sort-time":19691.9765625}
