{"M":113891327,"N":1139905,"convert-time":1428.2403564453125,"graph_name":"hollywood-2009.rand","run-time":3.818393516540527,"sort-time":23131.455078125}
