{"M":127002786,"N":8388608,"convert-time":1521.2728271484375,"graph_name":"rgg_n_2_23_s0.hub","run-time":17.50036506652832,"sort-time":18197.27734375}
