{"M":60718396,"N":4194304,"convert-time":739.9188232421875,"graph_name":"rgg_n_2_22_s0.mtx.RCM","run-time":1.7779711961746216,"sort-time":8539.8701171875}
