{"M":25165738,"N":4194304,"convert-time":303.27294921875,"graph_name":"delaunay_n22.hub","run-time":3.370700812339783,"sort-time":2875.800537109375}
