{"M":1955352,"N":299067,"convert-time":20.23526382446289,"graph_name":"coAuthorsDBLP.gorder","run-time":0.37734400629997256,"sort-time":139.0233612060547}
