{"M":182082942,"N":2097152,"convert-time":2300.2705078125,"graph_name":"write_reorder2_kron_g500-logn21","run-time":5.617766380310059,"sort-time":41543.26171875}
