{"M":265114400,"N":16777216,"convert-time":2767.111083984375,"graph_name":"rgg_n_2_24_s0.rand","run-time":46.75491828918457,"sort-time":48008.61328125}
