{"M":127002786,"N":8388608,"convert-time":1523.23486328125,"graph_name":"rgg_n_2_23_s0.gorder","run-time":3.337625575065613,"sort-time":15282.591796875}
