{"M":77991514,"N":5363260,"convert-time":813.7891845703125,"graph_name":"ljournal-2008.gorder","run-time":3.2813055992126463,"sort-time":7765.208984375}
