{"M":50331568,"N":8388608,"convert-time":616.005615234375,"graph_name":"delaunay_n23.rand","run-time":10.2373375415802,"sort-time":9233.2353515625}
