{"M":57708624,"N":23947347,"convert-time":661.4302978515625,"graph_name":"road_usa.gorder","run-time":2.8548095703125,"sort-time":5523.97314453125}
