{"M":212698418,"N":2997166,"convert-time":2618.08544921875,"graph_name":"soc-orkut.rand","run-time":16.407859230041502,"sort-time":47220.1640625}
