{"M":60718396,"N":4194301,"convert-time":735.2176513671875,"graph_name":"rgg_n_2_22_s0.deg","run-time":5.697740888595581,"sort-time":8103.529296875}
