{"M":631153669,"N":22744080,"convert-time":8567.9453125,"graph_name":"arabic-2005.hub","run-time":40.82001876831055,"sort-time":116434.265625}
