{"M":127002786,"N":8388608,"convert-time":1299.74169921875,"graph_name":"write_reorder2_rgg_n_2_23_s0","run-time":3.3636351823806763,"sort-time":18953.99609375}
