{"M":1628268,"N":227320,"convert-time":12.569600105285645,"graph_name":"coAuthorsCiteseer.rand","run-time":0.3889152079820633,"sort-time":225.2410888671875}
