{"M":265114400,"N":16777216,"convert-time":2748.875732421875,"graph_name":"write_reorder2_rgg_n_2_24_s0","run-time":6.823731136322022,"sort-time":42779.546875}
