{"M":79023142,"N":5363260,"convert-time":844.6617431640625,"graph_name":"ljournal-2008.rand","run-time":9.810431957244873,"sort-time":14463.1435546875}
