{"M":631153669,"N":22744080,"convert-time":7693.4443359375,"graph_name":"arabic-2005.gorder","run-time":13.545676803588867,"sort-time":95618.9765625}
