{"M":212698418,"N":2997166,"convert-time":2623.859619140625,"graph_name":"soc-orkut.hub","run-time":11.984281539916992,"sort-time":43578.3359375}
