{"M":77991514,"N":5363260,"convert-time":969.3132934570313,"graph_name":"ljournal-2008.gorder","run-time":3.3291264533996583,"sort-time":9217.8759765625}
