{"M":112751422,"N":1139905,"convert-time":1205.5848388671875,"graph_name":"hollywood-2009.gorder","run-time":2.740019178390503,"sort-time":11824.9423828125}
