{"M":57708624,"N":23947347,"convert-time":767.3046875,"graph_name":"write_reorder2_road_usa","run-time":3.0131200313568116,"sort-time":8113.69677734375}
