{"M":57708624,"N":23947347,"convert-time":769.1090087890625,"graph_name":"road_usa.mtx.RCM","run-time":2.8869631767272947,"sort-time":7710.51025390625}
