{"M":60718396,"N":4194304,"convert-time":625.0413818359375,"graph_name":"rgg_n_2_22_s0.hub","run-time":5.869977521896362,"sort-time":6642.70458984375}
