{"M":57708624,"N":23947347,"convert-time":662.1593627929688,"graph_name":"road_usa.mtx.RCM","run-time":2.7711488246917724,"sort-time":6663.9912109375}
