{"M":113891327,"N":1139905,"convert-time":1216.2755126953125,"graph_name":"hollywood-2009.rand","run-time":3.8872063875198366,"sort-time":19633.359375}
