{"M":639999458,"N":22744080,"convert-time":7824.130859375,"graph_name":"arabic-2005.deg","run-time":15.633203220367431,"sort-time":104067.0}
