{"M":265114400,"N":16777216,"convert-time":3224.86181640625,"graph_name":"rgg_n_2_24_s0.mtx.RCM","run-time":6.6420735836029055,"sort-time":44829.46484375}
