{"M":89238804,"N":1048576,"convert-time":942.6288452148438,"graph_name":"kron_g500-logn20.gorder","run-time":2.9676543951034544,"sort-time":9231.42578125}
