{"M":1628268,"N":227320,"convert-time":74.2635498046875,"graph_name":"coAuthorsCiteseer.deg","run-time":0.3374080047011375,"sort-time":119.54278564453125}
