{"M":57708624,"N":23947347,"convert-time":655.4398803710938,"graph_name":"write_reorder2_road_usa","run-time":3.3019903659820558,"sort-time":6846.673828125}
