{"M":25165738,"N":4194304,"convert-time":288.5908508300781,"graph_name":"delaunay_n22.hub","run-time":3.122278428077698,"sort-time":2419.630126953125}
