{"M":77991514,"N":5363260,"convert-time":824.13671875,"graph_name":"ljournal-2008.hub","run-time":5.631692838668823,"sort-time":9913.8798828125}
