{"M":1955352,"N":299067,"convert-time":14.094335556030273,"graph_name":"write_reorder2_coAuthorsDBLP","run-time":0.37539840340614317,"sort-time":229.49171447753906}
