{"M":112751422,"N":1107243,"convert-time":1381.117919921875,"graph_name":"hollywood-2009.deg","run-time":3.432038426399231,"sort-time":18303.451171875}
