{"M":77991514,"N":5363260,"convert-time":979.3873901367188,"graph_name":"ljournal-2008.hub","run-time":5.605171203613281,"sort-time":11908.7353515625}
