{"M":50331568,"N":8388608,"convert-time":599.9718627929688,"graph_name":"delaunay_n23.deg","run-time":10.496307229995727,"sort-time":5320.2392578125}
