{"M":50331568,"N":8388608,"convert-time":617.617431640625,"graph_name":"delaunay_n23.deg","run-time":8.026931238174438,"sort-time":6156.0966796875}
