{"M":639999458,"N":22744080,"convert-time":7951.638671875,"graph_name":"arabic-2005.mtx.RCM","run-time":13.775974369049072,"sort-time":107320.8203125}
