{"M":16313034,"N":7733822,"convert-time":221.1041259765625,"graph_name":"great-britain_osm.gorder","run-time":1.1757568001747132,"sort-time":1498.420166015625}
