{"M":639999458,"N":22744080,"convert-time":8377.912109375,"graph_name":"write_reorder2_arabic-2005","run-time":13.781094551086426,"sort-time":114406.4296875}
