{"M":89239674,"N":1048576,"convert-time":1157.496826171875,"graph_name":"kron_g500-logn20.rand","run-time":3.0148607730865478,"sort-time":19683.205078125}
