{"M":25165738,"N":4194304,"convert-time":304.75469970703125,"graph_name":"delaunay_n22.gorder","run-time":1.1509760081768037,"sort-time":2594.272216796875}
