{"M":265114400,"N":16777216,"convert-time":2737.426513671875,"graph_name":"rgg_n_2_24_s0.mtx.RCM","run-time":8.509542417526244,"sort-time":37982.515625}
