{"M":50331568,"N":8388608,"convert-time":527.857666015625,"graph_name":"delaunay_n23.hub","run-time":9.552588701248169,"sort-time":5342.18017578125}
