{"M":1955352,"N":299067,"convert-time":14.284799575805664,"graph_name":"coAuthorsDBLP.gorder","run-time":0.38051839768886564,"sort-time":135.24172973632813}
