{"M":100663202,"N":16777216,"convert-time":1249.3087158203125,"graph_name":"write_reorder2_delaunay_n24","run-time":3.4144256114959717,"sort-time":16581.892578125}
