{"M":16313034,"N":7733822,"convert-time":219.69407653808594,"graph_name":"great-britain_osm.deg","run-time":3.0275583982467653,"sort-time":1517.655029296875}
