{"M":89238804,"N":1048576,"convert-time":941.7328491210938,"graph_name":"kron_g500-logn20.hub","run-time":4.590284776687622,"sort-time":12699.5712890625}
