{"M":639999458,"N":22744080,"convert-time":6655.7841796875,"graph_name":"arabic-2005.rand","run-time":92.41016387939453,"sort-time":120906.453125}
