{"M":1628268,"N":227320,"convert-time":9.72697639465332,"graph_name":"coAuthorsCiteseer.rand","run-time":0.33105920627713203,"sort-time":186.92300415039063}
