{"M":1628268,"N":227320,"convert-time":11.33670425415039,"graph_name":"write_reorder2_coAuthorsCiteseer","run-time":0.368022408336401,"sort-time":188.2777557373047}
