{"M":1628268,"N":227320,"convert-time":11.460607528686523,"graph_name":"coAuthorsCiteseer.gorder","run-time":0.3612672105431557,"sort-time":114.6460189819336}
