{"M":25165738,"N":4194304,"convert-time":303.39892578125,"graph_name":"delaunay_n22.deg","run-time":3.057766389846802,"sort-time":2870.760498046875}
