{"M":127002786,"N":8388607,"convert-time":1535.23095703125,"graph_name":"rgg_n_2_23_s0.deg","run-time":17.150361633300783,"sort-time":18478.578125}
