{"M":68993773,"N":4847571,"convert-time":874.7468872070313,"graph_name":"write_reorder2_soc-LiveJournal1","run-time":3.468185567855835,"sort-time":14188.001953125}
