{"M":127002786,"N":8388608,"convert-time":1546.4017333984375,"graph_name":"rgg_n_2_23_s0.mtx.RCM","run-time":3.251097631454468,"sort-time":19284.052734375}
