{"M":106349209,"N":2997166,"convert-time":1122.0357666015625,"graph_name":"soc-orkut.gorder","run-time":4.471193599700928,"sort-time":11041.541015625}
