{"M":100663202,"N":16777216,"convert-time":1247.0445556640625,"graph_name":"delaunay_n24.gorder","run-time":3.3373183965682984,"sort-time":12531.49609375}
