{"M":57708624,"N":23947347,"convert-time":806.9468383789063,"graph_name":"road_usa.rand","run-time":12.347596836090087,"sort-time":11659.6015625}
