{"M":25165738,"N":4194304,"convert-time":255.94061279296875,"graph_name":"delaunay_n22.hub","run-time":470.34019470214844,"sort-time":2399.288330078125}
