{"M":50331568,"N":8388608,"convert-time":610.3326416015625,"graph_name":"delaunay_n23.rand","run-time":615.5343811035157,"sort-time":9197.3115234375}
