{"M":50331568,"N":8388608,"convert-time":516.8516845703125,"graph_name":"delaunay_n23.gorder","run-time":644.8655517578125,"sort-time":4909.6376953125}
