{"M":127002786,"N":8388607,"convert-time":1572.8916015625,"graph_name":"rgg_n_2_23_s0.deg","run-time":828.8641052246094,"sort-time":18159.494140625}
