{"M":182082942,"N":2097152,"convert-time":1949.9622802734375,"graph_name":"kron_g500-logn21.rand","run-time":29.45934066772461,"sort-time":36677.77734375}
