{"M":16313034,"N":7733822,"convert-time":188.95053100585938,"graph_name":"great-britain_osm.gorder","run-time":4869.745556640625,"sort-time":1287.8560791015625}
