{"M":265114400,"N":16777216,"convert-time":3192.44384765625,"graph_name":"rgg_n_2_24_s0.gorder","run-time":1664.3549072265625,"sort-time":35587.79296875}
