{"M":265114400,"N":16777216,"convert-time":2698.54833984375,"graph_name":"rgg_n_2_24_s0.mtx.RCM","run-time":1739.532958984375,"sort-time":37554.859375}
