{"M":631153669,"N":22744080,"convert-time":7766.0927734375,"graph_name":"arabic-2005.hub","run-time":3.982643175125122,"sort-time":117596.6484375}
