{"M":1628268,"N":227320,"convert-time":11.112447738647461,"graph_name":"coAuthorsCiteseer.hub","run-time":2.3995392322540283,"sort-time":144.29183959960938}
