{"M":16313034,"N":7733822,"convert-time":190.18649291992188,"graph_name":"write_reorder2_great-britain_osm","run-time":4015.2431640625,"sort-time":1480.2667236328125}
