{"M":50331568,"N":8388608,"convert-time":606.6862182617188,"graph_name":"write_reorder2_delaunay_n23","run-time":606.9618774414063,"sort-time":7571.99072265625}
