{"M":100663202,"N":16777216,"convert-time":1243.851806640625,"graph_name":"delaunay_n24.gorder","run-time":856.9977844238281,"sort-time":12283.8251953125}
