{"M":1955352,"N":299067,"convert-time":15.313920021057129,"graph_name":"coAuthorsDBLP.deg","run-time":1.986457598209381,"sort-time":173.2208709716797}
