{"M":79023142,"N":5363260,"convert-time":998.41845703125,"graph_name":"ljournal-2008.mtx.RCM","run-time":44.503654861450194,"sort-time":13828.365234375}
