{"M":16313034,"N":7733822,"convert-time":217.07366943359375,"graph_name":"write_reorder2_great-britain_osm","run-time":3960.7134033203124,"sort-time":1702.65087890625}
