{"M":60718396,"N":4194304,"convert-time":742.7451171875,"graph_name":"rgg_n_2_22_s0.gorder","run-time":598.3982543945313,"sort-time":7050.55615234375}
