{"M":265114400,"N":16777216,"convert-time":3239.395263671875,"graph_name":"rgg_n_2_24_s0.hub","run-time":1170.5789306640625,"sort-time":40549.4296875}
