{"M":1628268,"N":227320,"convert-time":11.195391654968262,"graph_name":"coAuthorsCiteseer.gorder","run-time":2.2284287810325623,"sort-time":116.00077056884766}
