{"M":60718396,"N":4194304,"convert-time":649.0203857421875,"graph_name":"rgg_n_2_22_s0.rand","run-time":860.8942443847657,"sort-time":9744.0693359375}
