{"M":68993773,"N":4847571,"convert-time":865.27587890625,"graph_name":"write_reorder2_soc-LiveJournal1","run-time":26.834534454345704,"sort-time":14239.390625}
