{"M":57708624,"N":23947347,"convert-time":786.2589721679688,"graph_name":"road_usa.hub","run-time":4647.068603515625,"sort-time":7094.263671875}
