{"M":79023142,"N":5363260,"convert-time":1002.6915893554688,"graph_name":"write_reorder2_ljournal-2008","run-time":45.742182922363284,"sort-time":15950.486328125}
