{"M":25165738,"N":4194304,"convert-time":303.2545166015625,"graph_name":"delaunay_n22.mtx.RCM","run-time":451.35369873046875,"sort-time":3269.824462890625}
