{"M":1628268,"N":227320,"convert-time":11.366399765014648,"graph_name":"write_reorder2_coAuthorsCiteseer","run-time":2.270822358131409,"sort-time":182.23207092285156}
