{"M":113891327,"N":1139905,"convert-time":1408.373779296875,"graph_name":"write_reorder2_hollywood-2009","run-time":25.91784954071045,"sort-time":21162.16015625}
