{"M":182082942,"N":2097152,"convert-time":2319.7041015625,"graph_name":"write_reorder2_kron_g500-logn21","run-time":35.927346801757814,"sort-time":41385.72265625}
