{"M":1628268,"N":227320,"convert-time":9.512960433959961,"graph_name":"coAuthorsCiteseer.gorder","run-time":2.7137951612472535,"sort-time":93.86393737792969}
