{"M":127002786,"N":8388608,"convert-time":1306.8739013671875,"graph_name":"rgg_n_2_23_s0.mtx.RCM","run-time":920.1542358398438,"sort-time":17067.2109375}
