{"M":100663202,"N":16777216,"convert-time":1232.1976318359375,"graph_name":"delaunay_n24.rand","run-time":882.4164306640625,"sort-time":19193.087890625}
