{"M":182081864,"N":2097152,"convert-time":2272.62255859375,"graph_name":"kron_g500-logn21.hub","run-time":117.45843200683593,"sort-time":32900.35546875}
