{"M":1955352,"N":299067,"convert-time":15.194111824035645,"graph_name":"write_reorder2_coAuthorsDBLP","run-time":1.8739199876785277,"sort-time":232.49612426757813}
