{"M":212698418,"N":2997166,"convert-time":2622.9462890625,"graph_name":"soc-orkut.hub","run-time":68.11504592895508,"sort-time":43791.0234375}
