{"M":112751422,"N":1139905,"convert-time":1390.98828125,"graph_name":"hollywood-2009.gorder","run-time":29.40958728790283,"sort-time":13697.6865234375}
