{"M":100663202,"N":16777216,"convert-time":1049.2109375,"graph_name":"delaunay_n24.gorder","run-time":925.8467712402344,"sort-time":10512.150390625}
