{"M":77991514,"N":5363260,"convert-time":820.2280883789063,"graph_name":"ljournal-2008.hub","run-time":55.829542541503905,"sort-time":10091.318359375}
