{"M":1628268,"N":227320,"convert-time":11.323391914367676,"graph_name":"coAuthorsCiteseer.mtx.RCM","run-time":2.2831103801727295,"sort-time":161.44895935058594}
