{"M":1955352,"N":299067,"convert-time":13.182975769042969,"graph_name":"coAuthorsDBLP.gorder","run-time":2.1508576035499574,"sort-time":117.81632232666016}
