{"M":100663202,"N":16777216,"convert-time":1256.5074462890625,"graph_name":"delaunay_n24.hub","run-time":941.1324951171875,"sort-time":13511.8896484375}
