{"M":265114400,"N":16777216,"convert-time":3206.98876953125,"graph_name":"rgg_n_2_24_s0.rand","run-time":1753.4857177734375,"sort-time":55272.2109375}
