{"M":112751422,"N":1107243,"convert-time":1402.38330078125,"graph_name":"hollywood-2009.deg","run-time":31.375052833557127,"sort-time":18389.005859375}
