{"M":265114400,"N":16777216,"convert-time":2738.03564453125,"graph_name":"rgg_n_2_24_s0.rand","run-time":1845.7953002929687,"sort-time":48202.37890625}
