{"M":631153669,"N":22744080,"convert-time":7741.9150390625,"graph_name":"arabic-2005.gorder","run-time":3.9534592151641847,"sort-time":97952.9609375}
