{"M":1955352,"N":299067,"convert-time":14.097408294677734,"graph_name":"coAuthorsDBLP.hub","run-time":2.0306943893432616,"sort-time":172.77133178710938}
