{"M":639999458,"N":22744080,"convert-time":7999.37939453125,"graph_name":"write_reorder2_arabic-2005","run-time":3.929190444946289,"sort-time":112977.109375}
