{"M":113891327,"N":1139905,"convert-time":1206.0897216796875,"graph_name":"write_reorder2_hollywood-2009","run-time":18.284947013854982,"sort-time":18130.095703125}
