{"M":25165738,"N":4194304,"convert-time":299.4299011230469,"graph_name":"delaunay_n22.gorder","run-time":432.2777130126953,"sort-time":2484.35205078125}
