{"M":1628268,"N":227320,"convert-time":11.298815727233887,"graph_name":"coAuthorsCiteseer.rand","run-time":2.292633605003357,"sort-time":230.04159545898438}
