{"M":16313034,"N":7733822,"convert-time":217.3614044189453,"graph_name":"great-britain_osm.hub","run-time":3901.4094970703127,"sort-time":1563.171875}
