{"M":127002786,"N":8388608,"convert-time":1360.79052734375,"graph_name":"rgg_n_2_23_s0.hub","run-time":834.634228515625,"sort-time":16084.279296875}
