{"M":100663202,"N":16777216,"convert-time":1231.0968017578125,"graph_name":"delaunay_n24.mtx.RCM","run-time":871.1296020507813,"sort-time":15137.0078125}
