{"M":1628268,"N":227320,"convert-time":9.504768371582031,"graph_name":"coAuthorsCiteseer.mtx.RCM","run-time":2.522403192520142,"sort-time":134.08665466308594}
