{"M":68993773,"N":4847571,"convert-time":883.4898071289063,"graph_name":"soc-LiveJournal1.rand","run-time":41.34758338928223,"sort-time":15750.845703125}
