{"M":1955352,"N":299067,"convert-time":12.726271629333496,"graph_name":"coAuthorsDBLP.deg","run-time":2.257244825363159,"sort-time":147.64134216308594}
