{"M":100663202,"N":16777216,"convert-time":1242.4970703125,"graph_name":"write_reorder2_delaunay_n24","run-time":854.9791687011718,"sort-time":16597.830078125}
