{"M":182082942,"N":2097152,"convert-time":2284.559326171875,"graph_name":"kron_g500-logn21.rand","run-time":53.71842575073242,"sort-time":43098.12109375}
