{"M":106349209,"N":2997166,"convert-time":1322.439697265625,"graph_name":"soc-orkut.gorder","run-time":21.38050594329834,"sort-time":12765.2763671875}
