{"M":182081864,"N":2097152,"convert-time":2325.547119140625,"graph_name":"kron_g500-logn21.gorder","run-time":115.5256332397461,"sort-time":25025.3203125}
