{"M":265114400,"N":16777215,"convert-time":3252.14208984375,"graph_name":"rgg_n_2_24_s0.deg","run-time":1280.9007080078125,"sort-time":41585.59375}
