{"M":212698418,"N":2997166,"convert-time":2642.0029296875,"graph_name":"soc-orkut.deg","run-time":60.425215530395505,"sort-time":44461.8671875}
