{"M":50331568,"N":8388608,"convert-time":603.1288452148438,"graph_name":"delaunay_n23.deg","run-time":639.1833557128906,"sort-time":6109.44091796875}
