{"M":77991514,"N":5363260,"convert-time":980.4359741210938,"graph_name":"ljournal-2008.gorder","run-time":40.4927490234375,"sort-time":9582.96875}
