{"M":1628268,"N":227320,"convert-time":9.787391662597656,"graph_name":"coAuthorsCiteseer.rand","run-time":3.0452127933502195,"sort-time":187.08787536621094}
