{"M":25165738,"N":4194304,"convert-time":254.2520294189453,"graph_name":"delaunay_n22.deg","run-time":490.5992065429688,"sort-time":2407.00830078125}
