{"M":639999458,"N":22744080,"convert-time":8368.26953125,"graph_name":"arabic-2005.rand","run-time":4.2938368082046505,"sort-time":143108.90625}
