{"M":639999458,"N":22744080,"convert-time":7930.32080078125,"graph_name":"arabic-2005.mtx.RCM","run-time":4.860313606262207,"sort-time":105121.8359375}
