{"M":1628268,"N":227320,"convert-time":11.150336265563965,"graph_name":"coAuthorsCiteseer.deg","run-time":2.3706623792648314,"sort-time":144.33074951171875}
