{"M":265114400,"N":16777216,"convert-time":3288.561767578125,"graph_name":"write_reorder2_rgg_n_2_24_s0","run-time":1146.7910278320312,"sort-time":50003.2578125}
