{"M":112751422,"N":1139905,"convert-time":1198.8121337890625,"graph_name":"hollywood-2009.hub","run-time":20.920307159423828,"sort-time":15736.4072265625}
