{"M":16313034,"N":7733822,"convert-time":234.51443481445313,"graph_name":"great-britain_osm.deg","run-time":4041.5976318359376,"sort-time":1545.486328125}
