{"M":100663202,"N":16777216,"convert-time":1057.1715087890625,"graph_name":"delaunay_n24.mtx.RCM","run-time":984.812646484375,"sort-time":12943.5166015625}
