{"M":60718396,"N":4194304,"convert-time":723.0975952148438,"graph_name":"rgg_n_2_22_s0.mtx.RCM","run-time":779.6454406738281,"sort-time":8453.904296875}
