{"M":16313034,"N":7733822,"convert-time":218.3741455078125,"graph_name":"great-britain_osm.mtx.RCM","run-time":4900.97841796875,"sort-time":1654.4154052734375}
