{"M":212698418,"N":2997166,"convert-time":2599.427978515625,"graph_name":"write_reorder2_soc-orkut","run-time":58.84528694152832,"sort-time":39862.2109375}
