{"M":25165738,"N":4194304,"convert-time":257.4960632324219,"graph_name":"delaunay_n22.rand","run-time":525.8037017822265,"sort-time":3669.125}
