{"M":113891327,"N":1139905,"convert-time":1196.199951171875,"graph_name":"hollywood-2009.mtx.RCM","run-time":23.199097633361816,"sort-time":14488.357421875}
