{"M":16313034,"N":7733822,"convert-time":225.0926055908203,"graph_name":"great-britain_osm.rand","run-time":4802.390966796875,"sort-time":2794.103759765625}
