{"M":89239674,"N":1048576,"convert-time":1109.5213623046875,"graph_name":"kron_g500-logn20.mtx.RCM","run-time":42.27583961486816,"sort-time":14291.990234375}
