{"M":265114400,"N":16777215,"convert-time":2724.2587890625,"graph_name":"rgg_n_2_24_s0.deg","run-time":1378.0627563476562,"sort-time":34385.31640625}
