{"M":89238804,"N":1048576,"convert-time":1119.9119873046875,"graph_name":"kron_g500-logn20.gorder","run-time":67.14060821533204,"sort-time":10962.4501953125}
