{"M":77991514,"N":5363260,"convert-time":967.8212890625,"graph_name":"ljournal-2008.hub","run-time":53.57004814147949,"sort-time":11539.640625}
