{"M":57708624,"N":23947347,"convert-time":775.0963134765625,"graph_name":"road_usa.deg","run-time":4832.40322265625,"sort-time":6823.736328125}
