{"M":77991514,"N":5363260,"convert-time":821.41796875,"graph_name":"ljournal-2008.gorder","run-time":44.88183364868164,"sort-time":8107.046875}
