{"M":100663202,"N":16777216,"convert-time":1264.13720703125,"graph_name":"delaunay_n24.deg","run-time":895.4871765136719,"sort-time":13759.30859375}
