{"M":127002786,"N":8388608,"convert-time":1600.47314453125,"graph_name":"rgg_n_2_23_s0.hub","run-time":833.9412048339843,"sort-time":18599.849609375}
