{"M":182081864,"N":1544087,"convert-time":2312.584228515625,"graph_name":"kron_g500-logn21.deg","run-time":113.83009262084961,"sort-time":33742.4921875}
