{"M":25165738,"N":4194304,"convert-time":304.9595031738281,"graph_name":"delaunay_n22.deg","run-time":445.66978454589844,"sort-time":2843.11962890625}
