{"M":57708624,"N":23947347,"convert-time":760.4889526367188,"graph_name":"write_reorder2_road_usa","run-time":3990.316650390625,"sort-time":8263.9638671875}
