{"M":79023142,"N":5363260,"convert-time":973.3499145507813,"graph_name":"ljournal-2008.rand","run-time":61.04330215454102,"sort-time":16929.634765625}
