{"M":89239674,"N":1048576,"convert-time":988.2521362304688,"graph_name":"kron_g500-logn20.rand","run-time":15.491289615631104,"sort-time":16871.931640625}
