{"M":89239674,"N":1048576,"convert-time":1131.1063232421875,"graph_name":"kron_g500-logn20.rand","run-time":17.974477005004882,"sort-time":19930.498046875}
