{"M":127002786,"N":8388608,"convert-time":1552.91650390625,"graph_name":"rgg_n_2_23_s0.rand","run-time":819.5694580078125,"sort-time":25203.091796875}
