{"M":127002786,"N":8388608,"convert-time":1594.35986328125,"graph_name":"rgg_n_2_23_s0.mtx.RCM","run-time":801.5224792480469,"sort-time":19984.412109375}
