{"M":100663202,"N":16777216,"convert-time":1090.872314453125,"graph_name":"delaunay_n24.deg","run-time":1086.678271484375,"sort-time":11661.66015625}
