{"M":68993773,"N":4847571,"convert-time":740.8629760742188,"graph_name":"soc-LiveJournal1.deg","run-time":25.881145668029784,"sort-time":11177.6904296875}
