{"M":60718396,"N":4194304,"convert-time":628.4411010742188,"graph_name":"rgg_n_2_22_s0.mtx.RCM","run-time":892.4940124511719,"sort-time":7249.86962890625}
