{"M":265114400,"N":16777216,"convert-time":2752.732177734375,"graph_name":"rgg_n_2_24_s0.gorder","run-time":1692.6776489257813,"sort-time":29874.470703125}
