{"M":60718396,"N":4194304,"convert-time":727.26220703125,"graph_name":"rgg_n_2_22_s0.rand","run-time":794.9470703125,"sort-time":11293.3720703125}
