{"M":79023142,"N":5363260,"convert-time":828.0360717773438,"graph_name":"write_reorder2_ljournal-2008","run-time":45.50612449645996,"sort-time":13453.400390625}
