{"M":25165738,"N":4194304,"convert-time":302.8910217285156,"graph_name":"write_reorder2_delaunay_n22","run-time":419.9234588623047,"sort-time":3562.99169921875}
