{"M":100663202,"N":16777216,"convert-time":1052.0340576171875,"graph_name":"write_reorder2_delaunay_n24","run-time":1017.7147155761719,"sort-time":13717.001953125}
