{"M":50331568,"N":8388608,"convert-time":601.1463623046875,"graph_name":"delaunay_n23.mtx.RCM","run-time":605.7754577636719,"sort-time":7060.03564453125}
