{"M":100663202,"N":16777216,"convert-time":1062.33447265625,"graph_name":"delaunay_n24.rand","run-time":983.70859375,"sort-time":16705.650390625}
