{"M":631153669,"N":22744080,"convert-time":6677.923828125,"graph_name":"arabic-2005.gorder","run-time":5.908227133750915,"sort-time":82950.1953125}
