{"M":60718396,"N":4194301,"convert-time":629.9218139648438,"graph_name":"rgg_n_2_22_s0.deg","run-time":848.253759765625,"sort-time":6807.3154296875}
