{"M":112751422,"N":1139905,"convert-time":1405.0723876953125,"graph_name":"hollywood-2009.hub","run-time":32.35399703979492,"sort-time":18100.55078125}
