{"M":265114400,"N":16777216,"convert-time":3214.930908203125,"graph_name":"rgg_n_2_24_s0.mtx.RCM","run-time":1690.1031860351563,"sort-time":44314.765625}
