{"M":50331568,"N":8388608,"convert-time":506.6147766113281,"graph_name":"delaunay_n23.deg","run-time":643.9349853515625,"sort-time":5267.73779296875}
