{"M":1955352,"N":299067,"convert-time":15.388671875,"graph_name":"coAuthorsDBLP.rand","run-time":1.990451180934906,"sort-time":284.1292724609375}
