{"M":57708624,"N":23947347,"convert-time":763.9777221679688,"graph_name":"road_usa.mtx.RCM","run-time":4121.550268554687,"sort-time":7461.037109375}
