{"M":1955352,"N":299067,"convert-time":14.016511917114258,"graph_name":"write_reorder2_coAuthorsDBLP","run-time":2.3713664174079896,"sort-time":208.22732543945313}
