{"M":79023142,"N":5363260,"convert-time":991.8023681640625,"graph_name":"ljournal-2008.deg","run-time":44.14218330383301,"sort-time":14171.4462890625}
