{"M":16313034,"N":7733822,"convert-time":184.90162658691406,"graph_name":"great-britain_osm.rand","run-time":4991.878369140625,"sort-time":2346.145751953125}
