{"M":89238804,"N":795241,"convert-time":1132.63818359375,"graph_name":"kron_g500-logn20.deg","run-time":66.5489402770996,"sort-time":15412.310546875}
