{"M":68475391,"N":4846608,"convert-time":872.7521362304688,"graph_name":"soc-LiveJournal1.gorder","run-time":24.828210830688477,"sort-time":8468.7998046875}
