{"M":1955352,"N":299067,"convert-time":14.213120460510254,"graph_name":"coAuthorsDBLP.mtx.RCM","run-time":1.8681887865066529,"sort-time":208.74957275390625}
