{"M":212698418,"N":2997166,"convert-time":2647.022705078125,"graph_name":"soc-orkut.rand","run-time":92.44149703979492,"sort-time":47354.296875}
