{"M":68475391,"N":4847571,"convert-time":856.4520874023438,"graph_name":"soc-LiveJournal1.hub","run-time":34.71165504455566,"sort-time":10204.142578125}
