{"M":113891327,"N":1139905,"convert-time":1424.047119140625,"graph_name":"hollywood-2009.rand","run-time":26.098790550231932,"sort-time":22625.72265625}
