{"M":25165738,"N":4194304,"convert-time":301.52191162109375,"graph_name":"delaunay_n22.hub","run-time":438.1418487548828,"sort-time":2815.35986328125}
