{"M":25165738,"N":4194304,"convert-time":259.3904724121094,"graph_name":"write_reorder2_delaunay_n22","run-time":452.5343414306641,"sort-time":2976.807861328125}
