{"M":57708624,"N":23947347,"convert-time":763.957275390625,"graph_name":"road_usa.gorder","run-time":4033.1587158203124,"sort-time":6548.56005859375}
