{"M":89238804,"N":1048576,"convert-time":1118.89208984375,"graph_name":"kron_g500-logn20.hub","run-time":68.13286437988282,"sort-time":15410.931640625}
