{"M":68993773,"N":4847571,"convert-time":854.1460571289063,"graph_name":"soc-LiveJournal1.deg","run-time":28.701081466674804,"sort-time":13299.4228515625}
