{"M":212698418,"N":2997166,"convert-time":2572.67822265625,"graph_name":"soc-orkut.mtx.RCM","run-time":48.545996475219724,"sort-time":39643.55078125}
