{"M":60718396,"N":4194304,"convert-time":724.8199462890625,"graph_name":"write_reorder2_rgg_n_2_22_s0","run-time":644.1794494628906,"sort-time":9962.6025390625}
