{"M":60718396,"N":4194301,"convert-time":728.7265014648438,"graph_name":"rgg_n_2_22_s0.deg","run-time":797.1129211425781,"sort-time":7780.88671875}
