{"M":265114400,"N":16777216,"convert-time":2735.5341796875,"graph_name":"write_reorder2_rgg_n_2_24_s0","run-time":1213.6440063476562,"sort-time":42243.828125}
