{"M":79023142,"N":5363260,"convert-time":852.0775756835938,"graph_name":"ljournal-2008.mtx.RCM","run-time":42.05686149597168,"sort-time":11627.11328125}
