{"M":127002786,"N":8388608,"convert-time":1540.737060546875,"graph_name":"write_reorder2_rgg_n_2_23_s0","run-time":824.5611572265625,"sort-time":22502.248046875}
