{"M":106349209,"N":2997166,"convert-time":1145.511962890625,"graph_name":"soc-orkut.gorder","run-time":21.622815895080567,"sort-time":11459.7080078125}
