{"M":1955352,"N":299067,"convert-time":14.08614444732666,"graph_name":"coAuthorsDBLP.gorder","run-time":1.900543987751007,"sort-time":138.0341796875}
