{"M":127002786,"N":8388608,"convert-time":1554.3009033203125,"graph_name":"rgg_n_2_23_s0.gorder","run-time":807.5785278320312,"sort-time":16044.541015625}
