{"M":113891327,"N":1139905,"convert-time":1412.01611328125,"graph_name":"hollywood-2009.mtx.RCM","run-time":27.27229461669922,"sort-time":17032.45703125}
