{"M":68475391,"N":4847571,"convert-time":736.8704223632813,"graph_name":"soc-LiveJournal1.hub","run-time":34.277190399169925,"sort-time":8541.21875}
