{"M":60718396,"N":4194304,"convert-time":618.4693603515625,"graph_name":"rgg_n_2_22_s0.hub","run-time":923.480615234375,"sort-time":6743.05029296875}
