{"M":639999458,"N":22744080,"convert-time":8021.4404296875,"graph_name":"arabic-2005.deg","run-time":3.980083155632019,"sort-time":105348.375}
