{"M":68993773,"N":4847571,"convert-time":731.6234130859375,"graph_name":"soc-LiveJournal1.mtx.RCM","run-time":29.84567012786865,"sort-time":10242.35546875}
