{"M":212698418,"N":2997166,"convert-time":2274.334716796875,"graph_name":"soc-orkut.hub","run-time":40.4745475769043,"sort-time":37425.0234375}
