{"M":89239674,"N":1048576,"convert-time":1121.5185546875,"graph_name":"write_reorder2_kron_g500-logn20","run-time":19.826483154296874,"sort-time":18978.41015625}
