{"M":182082942,"N":2097152,"convert-time":2312.300537109375,"graph_name":"kron_g500-logn21.mtx.RCM","run-time":110.71733779907227,"sort-time":31584.080078125}
