{"M":57708624,"N":23947347,"convert-time":760.9282836914063,"graph_name":"road_usa.rand","run-time":4083.8338623046875,"sort-time":11646.13671875}
