{"M":60718396,"N":4194304,"convert-time":728.6261596679688,"graph_name":"rgg_n_2_22_s0.hub","run-time":796.4185607910156,"sort-time":7759.94970703125}
