{"M":16313034,"N":7733822,"convert-time":221.1788787841797,"graph_name":"great-britain_osm.gorder","run-time":4873.545751953125,"sort-time":1464.596435546875}
