{"M":182082942,"N":2097152,"convert-time":1953.269775390625,"graph_name":"kron_g500-logn21.mtx.RCM","run-time":38.120736312866214,"sort-time":26645.359375}
