{"M":68993773,"N":4847571,"convert-time":854.7041015625,"graph_name":"soc-LiveJournal1.mtx.RCM","run-time":36.437401580810544,"sort-time":11924.3193359375}
