{"M":50331568,"N":8388608,"convert-time":637.96533203125,"graph_name":"delaunay_n23.hub","run-time":622.3449157714844,"sort-time":6067.1884765625}
