{"M":639999458,"N":22744080,"convert-time":6878.57568359375,"graph_name":"arabic-2005.deg","run-time":4.044297575950623,"sort-time":90369.4765625}
