{"M":1955352,"N":299067,"convert-time":13.520895957946777,"graph_name":"coAuthorsDBLP.mtx.RCM","run-time":2.1263296008110046,"sort-time":178.90406799316406}
