{"M":50331568,"N":8388608,"convert-time":603.4216918945313,"graph_name":"delaunay_n23.gorder","run-time":614.2711791992188,"sort-time":5557.59619140625}
