{"M":25165738,"N":4194304,"convert-time":301.834228515625,"graph_name":"delaunay_n22.rand","run-time":468.2041351318359,"sort-time":4250.33203125}
