{"M":1955352,"N":299067,"convert-time":15.286272048950195,"graph_name":"coAuthorsDBLP.hub","num-triangles":0,"run-time":7.153971099853516,"sort-time":164.7472686767578}
