{"M":1955352,"N":299067,"convert-time":15.59654426574707,"graph_name":"coAuthorsDBLP.rand","num-triangles":0,"run-time":1.1312128126621246,"sort-time":280.875}
