{"M":1955352,"N":299067,"convert-time":15.19001579284668,"graph_name":"coAuthorsDBLP.deg","num-triangles":0,"run-time":7.108710289001465,"sort-time":166.37338256835938}
