{"M":1628268,"N":227320,"convert-time":12.147711753845215,"graph_name":"coAuthorsCiteseer.rand","num-triangles":0,"run-time":1.2220416247844696,"sort-time":231.8172149658203}
