{"M":1628268,"N":227320,"convert-time":11.44320011138916,"graph_name":"coAuthorsCiteseer.mtx.RCM","num-triangles":0,"run-time":2.0429824233055114,"sort-time":164.6551055908203}
