{"M":1628268,"N":227320,"convert-time":11.147263526916504,"graph_name":"coAuthorsCiteseer.gorder","num-triangles":0,"run-time":2.0505600214004516,"sort-time":115.68537902832031}
