{"M":1955352,"N":299067,"convert-time":13.906944274902344,"graph_name":"coAuthorsDBLP.gorder","num-triangles":0,"run-time":2.8897280216217043,"sort-time":135.5089874267578}
