{"M":1628268,"N":227320,"convert-time":11.072511672973633,"graph_name":"coAuthorsCiteseer.hub","num-triangles":0,"run-time":6.813593435287475,"sort-time":143.26681518554688}
