{"M":1955352,"N":299067,"convert-time":15.708160400390625,"graph_name":"coAuthorsDBLP.mtx.RCM","num-triangles":0,"run-time":2.1131263852119444,"sort-time":209.44076538085938}
