{"M":1628268,"N":227320,"convert-time":11.23532772064209,"graph_name":"coAuthorsCiteseer.deg","num-triangles":0,"run-time":6.585548639297485,"sort-time":137.5979461669922}
