{"M":100663202,"N":16777216,"convert-time":1240.599609375,"graph_name":"delaunay_n24.rand","num-triangles":0,"run-time":131.81501007080078,"sort-time":19495.61328125}
