{"M":50331568,"N":8388608,"convert-time":604.9105834960938,"graph_name":"delaunay_n23.hub","num-triangles":0,"run-time":68.29281234741211,"sort-time":6155.9970703125}
