{"M":25165738,"N":4194304,"convert-time":309.7651062011719,"graph_name":"delaunay_n22.deg","num-triangles":0,"run-time":32.644195556640625,"sort-time":2938.99462890625}
