{"M":50331568,"N":8388608,"convert-time":600.8955078125,"graph_name":"delaunay_n23.gorder","num-triangles":0,"run-time":3.693772864341736,"sort-time":5674.8974609375}
