{"M":25165738,"N":4194304,"convert-time":304.5038146972656,"graph_name":"delaunay_n22.rand","num-triangles":0,"run-time":30.632144355773924,"sort-time":4405.814453125}
