{"M":50331568,"N":8388608,"convert-time":605.191162109375,"graph_name":"delaunay_n23.deg","num-triangles":0,"run-time":68.4896240234375,"sort-time":6212.12255859375}
