{"M":100663202,"N":16777216,"convert-time":1224.206298828125,"graph_name":"delaunay_n24.mtx.RCM","num-triangles":0,"run-time":6.6229246139526365,"sort-time":15216.2734375}
