{"M":100663202,"N":16777216,"convert-time":1243.4923095703125,"graph_name":"delaunay_n24.deg","num-triangles":0,"run-time":140.27120361328124,"sort-time":13424.0341796875}
