{"M":25165738,"N":4194304,"convert-time":319.8289794921875,"graph_name":"delaunay_n22.mtx.RCM","num-triangles":0,"run-time":2.1682175755500794,"sort-time":3295.283203125}
