{"M":100663202,"N":16777216,"convert-time":1222.8443603515625,"graph_name":"delaunay_n24.gorder","num-triangles":0,"run-time":6.940569448471069,"sort-time":11853.9521484375}
