{"M":100663202,"N":16777216,"convert-time":1241.385009765625,"graph_name":"delaunay_n24.hub","num-triangles":0,"run-time":139.99564361572266,"sort-time":13109.5849609375}
