{"M":50331568,"N":8388608,"convert-time":603.0602416992188,"graph_name":"delaunay_n23.rand","num-triangles":0,"run-time":64.46827621459961,"sort-time":9264.94921875}
