{"M":50331568,"N":8388608,"convert-time":613.6790771484375,"graph_name":"delaunay_n23.mtx.RCM","num-triangles":0,"run-time":3.664179229736328,"sort-time":7203.25537109375}
