{"M":25165738,"N":4194304,"convert-time":306.45965576171875,"graph_name":"delaunay_n22.hub","num-triangles":0,"run-time":32.534630584716794,"sort-time":2901.17529296875}
