{"M":25165738,"N":4194304,"convert-time":309.396484375,"graph_name":"delaunay_n22.gorder","num-triangles":0,"run-time":2.2545408368110658,"sort-time":2662.470703125}
