{"M":16313034,"N":7733822,"convert-time":220.28799438476563,"graph_name":"great-britain_osm.deg","num-triangles":0,"run-time":4.992819166183471,"sort-time":1520.186279296875}
