{"M":16313034,"N":7733822,"convert-time":217.670654296875,"graph_name":"great-britain_osm.rand","num-triangles":0,"run-time":4.876800060272217,"sort-time":2748.413818359375}
