{"M":16313034,"N":7733822,"convert-time":220.00537109375,"graph_name":"great-britain_osm.mtx.RCM","num-triangles":0,"run-time":1.2801024436950683,"sort-time":1716.673583984375}
