{"M":16313034,"N":7733822,"convert-time":218.8605499267578,"graph_name":"great-britain_osm.hub","num-triangles":0,"run-time":4.990566396713257,"sort-time":1566.9381103515625}
