{"M":16313034,"N":7733822,"convert-time":222.53260803222656,"graph_name":"great-britain_osm.gorder","num-triangles":0,"run-time":1.3057024240493775,"sort-time":1514.12939453125}
