{"M":112751422,"N":1107243,"convert-time":1379.17333984375,"graph_name":"hollywood-2009.deg","num-triangles":0,"run-time":11546.975390625,"sort-time":18842.794921875}
