{"M":112751422,"N":1139905,"convert-time":1377.902587890625,"graph_name":"hollywood-2009.gorder","num-triangles":0,"run-time":12249.15537109375,"sort-time":13215.0205078125}
