{"M":113891327,"N":1139905,"convert-time":1405.18505859375,"graph_name":"hollywood-2009.rand","num-triangles":0,"run-time":18889.2232421875,"sort-time":23386.6328125}
