{"M":112751422,"N":1139905,"convert-time":1389.8741455078125,"graph_name":"hollywood-2009.hub","num-triangles":0,"run-time":11676.53974609375,"sort-time":18623.888671875}
