{"M":113891327,"N":1139905,"convert-time":1381.353515625,"graph_name":"hollywood-2009.mtx.RCM","num-triangles":0,"run-time":11236.0359375,"sort-time":17033.859375}
