{"M":89238804,"N":1048576,"convert-time":1118.2520751953125,"graph_name":"kron_g500-logn20.hub","num-triangles":0,"run-time":177801.9953125,"sort-time":15921.2138671875}
