{"M":182081864,"N":2097152,"convert-time":2259.97119140625,"graph_name":"kron_g500-logn21.hub","num-triangles":0,"run-time":462405.528125,"sort-time":33820.484375}
