{"M":182081864,"N":2097152,"convert-time":2313.377685546875,"graph_name":"kron_g500-logn21.gorder","num-triangles":0,"run-time":469259.334375,"sort-time":23718.490234375}
