{"M":182081864,"N":1544087,"convert-time":2300.391357421875,"graph_name":"kron_g500-logn21.deg","num-triangles":0,"run-time":460885.86875,"sort-time":34048.57421875}
