{"M":89239674,"N":1048576,"convert-time":1119.867919921875,"graph_name":"kron_g500-logn20.rand","num-triangles":0,"run-time":30693.6548828125,"sort-time":20211.701171875}
