{"M":182082942,"N":2097152,"convert-time":2252.9423828125,"graph_name":"kron_g500-logn21.rand","num-triangles":0,"run-time":102917.64609375,"sort-time":43773.5703125}
