{"M":89238804,"N":1048576,"convert-time":1108.1861572265625,"graph_name":"kron_g500-logn20.gorder","num-triangles":0,"run-time":180308.7640625,"sort-time":10858.78125}
