{"M":89238804,"N":795241,"convert-time":1092.3826904296875,"graph_name":"kron_g500-logn20.deg","num-triangles":0,"run-time":177623.9265625,"sort-time":15177.921875}
