{"M":182082942,"N":2097152,"convert-time":2360.04248046875,"graph_name":"kron_g500-logn21.mtx.RCM","num-triangles":0,"run-time":85022.32421875,"sort-time":33187.66796875}
