{"M":89239674,"N":1048576,"convert-time":1127.815185546875,"graph_name":"kron_g500-logn20.mtx.RCM","num-triangles":0,"run-time":25010.2447265625,"sort-time":14294.9619140625}
