{"M":60718396,"N":4194304,"convert-time":723.8123779296875,"graph_name":"rgg_n_2_22_s0.mtx.RCM","num-triangles":0,"run-time":7.132159900665283,"sort-time":8680.7607421875}
