{"M":60718396,"N":4194304,"convert-time":728.0445556640625,"graph_name":"rgg_n_2_22_s0.rand","num-triangles":0,"run-time":176.75140686035155,"sort-time":11331.4052734375}
