{"M":57708624,"N":23947347,"convert-time":757.2520751953125,"graph_name":"road_usa.hub","num-triangles":0,"run-time":23.639757347106933,"sort-time":6543.265625}
