{"M":265114400,"N":16777216,"convert-time":3259.29052734375,"graph_name":"rgg_n_2_24_s0.hub","num-triangles":0,"run-time":841.0390563964844,"sort-time":41212.74609375}
