{"M":57708624,"N":23947347,"convert-time":775.657470703125,"graph_name":"road_usa.gorder","num-triangles":0,"run-time":3.291545605659485,"sort-time":6239.67431640625}
