{"M":127002786,"N":8388607,"convert-time":1547.5189208984375,"graph_name":"rgg_n_2_23_s0.deg","num-triangles":0,"run-time":364.9954895019531,"sort-time":18101.529296875}
