{"M":57708624,"N":23947347,"convert-time":756.822021484375,"graph_name":"road_usa.rand","num-triangles":0,"run-time":23.454413414001465,"sort-time":11620.4873046875}
