{"M":127002786,"N":8388608,"convert-time":1555.094482421875,"graph_name":"rgg_n_2_23_s0.rand","num-triangles":0,"run-time":398.46543273925784,"sort-time":26030.189453125}
