{"M":57708624,"N":23947347,"convert-time":791.751708984375,"graph_name":"road_usa.mtx.RCM","num-triangles":0,"run-time":2.9557728290557863,"sort-time":7913.87451171875}
