{"M":265114400,"N":16777216,"convert-time":3270.67236328125,"graph_name":"rgg_n_2_24_s0.rand","num-triangles":0,"run-time":883.2367797851563,"sort-time":57229.1171875}
