{"M":127002786,"N":8388608,"convert-time":1543.189453125,"graph_name":"rgg_n_2_23_s0.hub","num-triangles":0,"run-time":379.28867797851564,"sort-time":18317.734375}
