{"M":265114400,"N":16777216,"convert-time":3249.78369140625,"graph_name":"rgg_n_2_24_s0.gorder","num-triangles":0,"run-time":31.328359031677245,"sort-time":35439.78125}
