{"M":265114400,"N":16777216,"convert-time":3203.375,"graph_name":"rgg_n_2_24_s0.mtx.RCM","num-triangles":0,"run-time":31.55159111022949,"sort-time":44233.63671875}
