{"M":60718396,"N":4194301,"convert-time":730.04541015625,"graph_name":"rgg_n_2_22_s0.deg","num-triangles":0,"run-time":158.1924301147461,"sort-time":7871.66943359375}
