{"M":127002786,"N":8388608,"convert-time":1513.469970703125,"graph_name":"rgg_n_2_23_s0.gorder","num-triangles":0,"run-time":14.628143787384033,"sort-time":15340.48046875}
