{"M":60718396,"N":4194304,"convert-time":733.5086059570313,"graph_name":"rgg_n_2_22_s0.hub","num-triangles":0,"run-time":164.27161102294923,"sort-time":7840.15673828125}
