{"M":60718396,"N":4194304,"convert-time":731.5435791015625,"graph_name":"rgg_n_2_22_s0.gorder","num-triangles":0,"run-time":7.150694227218628,"sort-time":6629.32275390625}
