{"M":127002786,"N":8388608,"convert-time":1524.39599609375,"graph_name":"rgg_n_2_23_s0.mtx.RCM","num-triangles":0,"run-time":14.902681350708008,"sort-time":20213.5703125}
