{"M":57708624,"N":23947347,"convert-time":761.4218139648438,"graph_name":"road_usa.deg","num-triangles":0,"run-time":23.798886871337892,"sort-time":6741.39111328125}
