{"M":265114400,"N":16777215,"convert-time":3235.23681640625,"graph_name":"rgg_n_2_24_s0.deg","num-triangles":0,"run-time":814.7249267578125,"sort-time":41210.984375}
