{"M":212698418,"N":2997166,"convert-time":2674.779052734375,"graph_name":"soc-orkut.rand","num-triangles":0,"run-time":3490.3360595703125,"sort-time":49435.86328125}
