{"M":106349209,"N":2997166,"convert-time":1340.5142822265625,"graph_name":"soc-orkut.gorder","num-triangles":0,"run-time":364.18764038085936,"sort-time":13296.7001953125}
