{"M":212698418,"N":2997166,"convert-time":2715.24755859375,"graph_name":"soc-orkut.deg","num-triangles":0,"run-time":8888.48681640625,"sort-time":45985.22265625}
