{"M":212698418,"N":2997166,"convert-time":2665.39111328125,"graph_name":"soc-orkut.hub","num-triangles":0,"run-time":8899.3197265625,"sort-time":45520.62109375}
