{"M":212698418,"N":2997166,"convert-time":2667.236328125,"graph_name":"soc-orkut.mtx.RCM","num-triangles":0,"run-time":3497.428564453125,"sort-time":41672.01953125}
