{"M":100663202,"N":16777216,"convert-time":1230.804931640625,"graph_name":"write_reorder2_delaunay_n24","num-triangles":0,"run-time":8.64798698425293,"sort-time":16442.4609375}
