{"M":182082942,"N":2097152,"convert-time":2347.495361328125,"graph_name":"write_reorder2_kron_g500-logn21","num-triangles":0,"run-time":79254.95546875,"sort-time":42869.84375}
