{"M":212698418,"N":2997166,"convert-time":2716.792724609375,"graph_name":"write_reorder2_soc-orkut","num-triangles":0,"run-time":9370.99521484375,"sort-time":41709.16015625}
