{"M":25165738,"N":4194304,"convert-time":302.2950439453125,"graph_name":"write_reorder2_delaunay_n22","num-triangles":0,"run-time":2.613043260574341,"sort-time":3560.804443359375}
