{"M":16313034,"N":7733822,"convert-time":220.18663024902344,"graph_name":"write_reorder2_great-britain_osm","num-triangles":0,"run-time":1.3299712181091308,"sort-time":1765.923828125}
