{"M":60718396,"N":4194304,"convert-time":727.0768432617188,"graph_name":"write_reorder2_rgg_n_2_22_s0","num-triangles":0,"run-time":9.283173942565918,"sort-time":10112.890625}
