{"M":50331568,"N":8388608,"convert-time":617.680908203125,"graph_name":"write_reorder2_delaunay_n23","num-triangles":0,"run-time":4.620287942886352,"sort-time":7806.0625}
