{"M":57708624,"N":23947347,"convert-time":782.9074096679688,"graph_name":"write_reorder2_road_usa","num-triangles":0,"run-time":3.172044801712036,"sort-time":8372.8369140625}
