{"M":1628268,"N":227320,"convert-time":11.25273609161377,"graph_name":"write_reorder2_coAuthorsCiteseer","num-triangles":0,"run-time":2.1570559978485107,"sort-time":183.9462432861328}
