{"M":1955352,"N":299067,"convert-time":14.152704238891602,"graph_name":"write_reorder2_coAuthorsDBLP","num-triangles":0,"run-time":2.262732744216919,"sort-time":235.4370574951172}
