{"M":127002786,"N":8388608,"convert-time":1528.5074462890625,"graph_name":"write_reorder2_rgg_n_2_23_s0","num-triangles":0,"run-time":19.75255126953125,"sort-time":23316.58984375}
