{"M":113891327,"N":1139905,"convert-time":1394.5804443359375,"graph_name":"write_reorder2_hollywood-2009","num-triangles":0,"run-time":12096.225,"sort-time":21948.470703125}
