{"M":89239674,"N":1048576,"convert-time":1256.9046630859375,"graph_name":"write_reorder2_kron_g500-logn20","num-triangles":0,"run-time":22179.635546875,"sort-time":19139.77734375}
