{"M":265114400,"N":16777216,"convert-time":3245.729736328125,"graph_name":"write_reorder2_rgg_n_2_24_s0","num-triangles":0,"run-time":43.161498641967775,"sort-time":50554.38671875}
